old_path,old_title,best_guess_new_slug,confidence,score,clicks_3m,correct_new_slug (fill in)
/bmw-m-performance-uitlaatsysteem-f30/f31-F32/F33/F36,M Performance uitlaatsysteem F30/F31 F32/F33/F36,m-performance-carbon-schakelknop-f30f31f34-f32f33f36,review,0.54,64,
/bmw-led-portier-projectoren.html,BMW LED Portierprojectoren,bmw-led-portierprojectoren-50mm,review,0.75,47,
/HR-Koppelstangen,H&R Koppelstangen,hr-koppelstang,review,0.4,24,
"/BMW-embleem-50-jaar-m-G42,G22,G23,G26","BMW embleem '50 jaar BMW M' 82mm G42,G22,G23,G26",bmw-embleem-50-jaar-bmw-m-o-82mm,review,0.55,19,
/Eisenmann-2x90mm-bmw-e92-335i.html,B5331.00903,eisenmann-2x90mm-bmw-f31-335i,review,0.67,15,
/tmp-wielbouten,Langere zilveren wielbouten TuningMotiveParts,langere-zilveren-wielbouten-m14x125-tuningmotiveparts,review,0.57,14,
/bmw-chroom-titan-grille-f10-f11.html,"BMW Chroom/Titan Grill F10,F11",bmw-titan-grille-f10f11,review,0.71,14,
/bmw-uitlaatsierstuk-zwart-chroom-f33-425d-428i-428ix.html,BMW Uitlaat sierstukken zwart/chroom,bmw-uitlaat-sierstukken-zwartchroom-f2x-f3x,review,0.62,13,
"/Cobra-Verlagingsveren-G21-320e,330e","Cobra Verlagingsveren G21 320e, 330e",cobra-suspension-verlagingsveren-g21-320e-330e-4035mm,review,0.56,12,
/Strongflex-achterste-subframe-rubber-achteras-E46-Yellow,Strongflex achterste subframe rubber achteras E46,strongflex-achterste-subframe-rubber-achteras-e36-yellow,review,0.75,11,
/bmw-performance-uitlaatsysteem-f22/f23,M Performance uitlaatsysteem F22/F23,m-performance-grille-zwart-f22f23,review,0.5,11,
/BMW-Performance-Big-Brake-Kit-F20/F21-F22/F23-F30/F31-F32-Rood,BMW Performance Big Brake Kit F20/F21 F22/F23 F30/F31 F32 | Rood,bmw-performance-big-brake-kit-f30f31f34-f32f33f36-rood,review,0.5,11,
/Embleem-M3-E9x,,embleem-chroom-kofferklep-m3-e9x,review,0.6,11,
/BMW-M-Performance-grille-G30-G31,BMW M Performance grille G30/G31,m-performance-grille-g30g31,review,0.71,10,
/BMW-sleutelhanger-munt,BMW sleutelhanger munt,bmw-logo-sleutelhanger-winkelwagen-munt,review,0.6,10,
/Cobra-Suspension-verlagingsveren-G61-550e-xDrive,Cobra Suspension verlagingsveren | G61 550e xDrive,cobra-suspension-verlagingsveren-g61-550e-xdrive-incl-verstelbare-verlagingsstangen-350-35mm,review,0.46,10,
/B525400760-Eisenmann-2x-76mm-E60-E61-520i-523i-525i-530i,"Eisenmann 2x76mm E60/E61 520i, 523i, 525i, 530i",eisenmann-4x76mm-e60e61-520i-523i-525i-530i,review,0.7,9,
/M-Performance-sierstukken-Carbon,Set M Performance sierstukken Carbon,bmw-m-performance-uitlaatsierstukken-carbon,review,0.5,9,
/Eventuri-Performance-Carbon-Intake-M140i-M240i-340i,Eventuri Performance Carbon Intake M140i M240i 340i - EVE-B58-CF-INT,eventuri-performance-carbon-intake-f2x-f3x-m140i-m240i-340i-b58,review,0.7,9,
/BMW-Performance-Big-Brake-Kit-F20/F21-F22/F23-F30/F31-F32-Geel,BMW Performance Big Brake Kit F20/F21 F22/F23 F30/F31 F32 | Geel,bmw-performance-big-brake-kit-f30f31f34-f32f33f36-geel,review,0.5,9,
/Compleet-glanszwart-stickerset-motorkap-embleem,Compleet glanszwart stickerset motorkap embleem,stickerset-motorkap-embleem-glanszwart,review,0.8,9,
/Eventuri-Performance-Carbon-Intake-Carbon-Scoop-MINI-F5x-LCI,Eventuri Performance Intake (Carbon Intake Carbon Scoop) | MINI F54 F56 LCI Cooper S/JCW,eventuri-performance-intake-carbon-intake-carbon-scoop-mini-f54-f56-lci-cooper-sjcw,review,0.92,9,
/BMW-embleem-Z4,BMW embleem Z4,bmw-embleem-z4-e85e86e89,review,0.43,9,
/Cobra-Verlagingsveren-X3M,"Cobra Verlagingsveren F97 X3M, X3M Competition",cobra-suspension-verlagingsveren-f97-x3m-x3m-competition-3030mm,review,0.56,9,
/bmw-performance-stuurafdekking-multif-e9x-E8x.html,,bmw-performance-alcantara-stuurafdekking-e8x-e9x,review,0.71,9,
/eisenmann-2x83mm-bmw-e39-sedan-520i-523i-525i-528i-530i.html,"B5232.00831 - Eisenmann 2x83mm BMW E39 Sedan 520i,523i,525i,528i,530i",eisenmann-2x83mm-bmw-e39-sedan-520i523i525i528i530i,review,0.91,8,
/eisenmann-2x76mm-bmw-e39-sedan-535i-540i.html,"B5233.00760 - Eisenmann 2x76mm BMW E39 Sedan 535i,540i",eisenmann-2x76mm-bmw-e39-sedan-535i540i,review,0.88,8,
/bmw-f2x-bekerhouder.html,BMW Bekerhouder F20/F21/F22,bekerhouder-f20f21f22,review,0.67,8,
/Zwart-Geanodiseerde-5mm-Spoorverbreders,Zwart Geanodiseerde Spoorverbreders / TuningMotiveParts,5mm-zwart-geanodiseerde-spoorverbreders-4x100,review,0.8,8,
/bmw-usb-adapter.html,BMW USB-adapter,usb-adapter,review,0.67,7,
"/tmp-wielbouten-zwart-14-1,25",Langere zwarte wielbouten,langere-zwarte-wielbouten-m14x15-tuningmotiveparts,review,0.43,7,
/Eventuri-Performance-Carbon-Intake-M5-M6,Eventuri Performance Carbon Intake M5 (E60/E61) M6 (E63/E64) - EVE-E60-INT,eventuri-performance-carbon-intake-f10-m5,review,0.71,7,
"/Cobra-Suspension-verlagingsveren-G30-520e,530e","Cobra Verlagingsveren G30 520e, 530e",cobra-suspension-verlagingsveren-g30-520e530e-3520mm,review,0.6,7,
/Dynamische-OLED-achterlichten-G2x-G8x,Dynamische OLED achterlichten,dynamische-oled-achterlichten-bmw-4-serie-g2x-g8x,review,0.62,7,
/bmw-m-stuur-afdekking-met-multifunctionele-bediening-e8x.html,BMW M stuur afdekking zwart met multifunctionele bediening E8x,bmw-m-stuurafdekking-zwart-met-multifunctionele-bediening,review,0.6,6,
/bmw-cabrio-onderhoudsset.html,BMW Cabrio-onderhoudsset,cabrio-onderhoudsset,review,0.67,6,
/Eibach-Anti-Roll-Kit-BMW-E46-Sedan-320i-323i-325i-328i-330i,"Eibach Anti Roll-Kit BMW E46 Sedan 320i,323i,325i,328i,330i / E2066-320",eibach-pro-kit-bmw-e90-sedan-323i325i328i330i,review,0.53,6,
/BMW-M-Performance-grille,BMW M Performance grille,bmw-m-performance-grille-f44,review,0.8,6,
/Motorsport-diffusor-standaard-bumper-E36,Motorsport diffusor standaard bumper E36,motorsport-diffuser-standaard-bumper-e36,review,0.67,6,
/HR-Stabilisator-set-E30,H&R Stabilisator set E30,hr-stabilisator-set-e30-incl-m3,review,0.62,6,
/Eventuri-Performance-Intake-Plastic-Carbon-Scoop-MINI-F5x-LCI,Eventuri Performance Intake (Plastic Intake Carbon Scoop) | MINI F54 F56 LCI Cooper S/JCW,eventuri-performance-intake-plastic-intake-carbon-scoop-mini-f54-f56-lci-cooper-sjcw,review,0.93,6,
"/Supersprint-OO80-BMW-E90-325i,330i","980826 - Supersprint (OO 80) BMW E90 325i,330i",supersprint-oo-80-bmw-e90-325i330i-n53,review,0.7,6,
/Zwart-Geanodiseerde-Spoorverbreders-3mm,Zwart Geanodiseerde Spoorverbreders / TuningMotiveParts,3mm-zwart-geanodiseerde-spoorverbreders-5x112,review,0.8,6,
/Zwart-Geanodiseerde-Spoorverbreders-5mm,Zwart Geanodiseerde Spoorverbreders / TuningMotiveParts,5mm-zwart-geanodiseerde-spoorverbreders-4x100,review,0.8,6,
/Cobra-Verlagingsveren-Z4-G29-M40i,Cobra Verlagingsveren Z4 G29 M40i,cobra-suspension-verlagingsveren-z4-g29-m40i-2525mm,review,0.56,6,
/Files/2/21000/21945/Attachments/Product/4R3225Aq44076p1292D91bqKK7TEij74.pdf,,bmw-2-serie-sleutelhanger,none,0.09,6,
/bmw-zonneschermen-achterzijruiten-2-serie-f45-active-tourer.html,,bmw-zonneschermen-achterzijruiten-f45-at,review,0.44,6,
/bmw-m-performance-uitlaatsierstuk-chroom-f30-f31.html,"BMW M Performance uitlaatsierstuk chroom F30,F31 316d,318d,320d",bmw-m-performance-uitlaatsierstukken-chroom,review,0.5,5,
/tmp-wielbouten-zwart,Langere zwarte wielbouten TuningMotiveParts,langere-zwarte-wielbouten-m14x15-tuningmotiveparts,review,0.57,5,
/bmw-zonnescherm-zijruiten-f10-sedan,BMW Zonnescherm achterzijruiten F10,eibach-pro-kit-bmw-f10-sedan-m5,none,0.33,5,
/bmw-mattenset-velours-5-serie-f10-f11.html,"BMW Mattenset Velours 5 Serie F10 Sedan, F11 Touring",bmw-mattenset-velours-f10f11,review,0.62,5,
/bmw-m-diffusor-e92-e93.html,"BMW M Diffusor E92,E92LCI,E93,E93LCI",bmw-m-diffuser-e92e92lcie93e93lci,review,0.67,5,
/bmw-uitlaatsierstuk-zwart-chroom-f20-f21-125d-125i.html,"BMW Uitlaatsierstukken zwart/chroom F20,F21 125d,125i",bmw-uitlaatsierstukken-zwartchroom-f20f21-125d125i,review,0.73,5,
/bmw-zwart-chroom-uitlaatsierstukken-f20-f21-m135i.html,BMW Zwart/chroom Uitlaatsierstukken,bmw-uitlaatsierstukken-zwartchroom-f2x-f3x,review,0.57,5,
"/Eibach-Pro-Kit-BMW-F11-Touring-518d,520d","Eibach Pro-Kit BMW F11 Touring 518d,520d / E10-20-022-04-20",eibach-pro-kit-bmw-f11-touring-520dxdrive-525dxdrive-530dxdrive,review,0.55,5,
/bmw-m-performance-automatten-f30-f31.html,BMW M Performance mattenset F30/F31,m-performance-mattenset-bmw-g20,review,0.57,5,
/bmw-m-performance-automatten-x5-f15,BMW M Performance mattenset X5 F15,m-performance-mattenset-x5-f15-f85-m,review,0.71,5,
/Strutbar-voorzijde-E46-6cil,Strutbar voorzijde E46 6 cilinder,strutbar-voorzijde-e46-6-cil,review,0.67,5,
/Black-Line-achterlichten-LED-facelift-upgrade-E46-2003,Black Line achterlichten LED facelift upgrade E46 -2003,black-line-achterlichten-led-facelift-upgrade-e46-coupe-2003,review,0.89,5,
/Set-koplampen-Xenon-look-Angel-Eyes-F30/F31-DEPO-H7/H7,Set koplampen Xenon look Angel-Eyes F30/F31 DEPO H7/H7,angel-eyes-koplampen-xenon-look-f30f31,review,0.64,5,
/KN-Vervangingsfilter-Mini-Cooper-2014-,K&N Vervangingsfilter Mini Cooper 2014-,kn-vervangingsfilter-mini,review,0.57,5,
/Cobra-Verlagingsveren-F80-M3-25/10,Cobra Verlagingsveren F80 M3,cobra-suspension-verlagingsveren-f80-m3-2510mm,review,0.56,5,
/Cobra-Verlagingsveren-G30-545e-xDrive,Cobra Verlagingsveren G30 545e xDrive,cobra-suspension-verlagingsveren-g30-545e-xdrive-2525mm,review,0.56,5,
/Cobra-Verlagingsveren-X3-G01-30e-xDrive,Cobra Verlagingsveren X3 G01 30e xDrive,cobra-suspension-verlagingsveren-x3-g01-30e-xdrive-3525mm,review,0.6,5,
/Instrumentendrager-middenconsole-E46,51188268892,bmw-e46-middenconsole-grijs,review,0.4,5,
"/Cobra-Verlagingsveren-X3-G01-M40i,30d","Cobra Verlagingsveren X3 G01 M40i, 30d",cobra-suspension-verlagingsveren-x3-g01-m40i-30d-3530mm,review,0.6,5,
/bmw-e60-e61-chrome-uitlaatsierstukken,Originele uitlaatsierstukken voor uw BMW 5 Serie.,bmw-mattenset-velours-e60e61,none,0.38,4,
/kw-suspension-variant-1-bmw-1-serie-f20-f21,1022000D | KW Variant 1 BMW 1 Serie F20/F21,kw-variant-1-bmw-1-serie-f20f21-met-edc,review,0.64,4,
/kw-suspension-variant-1-bmw-3-serie-e90-sedan,10220032 | KW Variant 1 BMW 3 Serie E90 Sedan,kw-variant-1-bmw-3-serie-e36-sedan,review,0.7,4,
/kw-suspension-variant-1-bmw-z-serie-e85,"10220004 | KW Variant 1 BMW Z4 E85 Coupe, Roadster",kw-variant-1-bmw-1-serie-e82-coupe,review,0.5,4,
/BMW-uitlaatsierstuk-zwart-chroom-f45-216-218d-220d-220dx-218i-220i-225i-225iX,"BMW uitlaatsierstuk zwart/chroom F45 216, 218d, 220d, 220dx, 218i, 220i, 225i, 225iX",bmw-uitlaatsierstuk-zwartchroom-f2x-f3x,none,0.25,4,
/eisenmann-2x76mm-bmw-e92-320i.html,B5353.00762,eisenmann-2x76mm-bmw-e93-320i,review,0.67,4,
/eisenmann-2x76mm-bmw-f32-418d-420d.html,"B5427.00762 - Eisenmann 2x76mm BMW F32 418d,420d",eisenmann-2x76mm-bmw-f33-418d420d,review,0.62,4,
/eibach-prokit-bmw-x1-f48-xdrive18d.html,Eibach Pro-Kit BMW X1 F48 xDrive18d / E10-20-034-03-22,eibach-pro-kit-bmw-x1-f48-xdrive18d,review,0.62,4,
/Eibach-Pro-Kit-BMW-F21-M135i-M140i,Eibach Pro-Kit BMW F21 M135i / E10-20-030-02-22,eibach-pro-kit-bmw-f21-120d125d,review,0.5,4,
/Eibach-Anti-Roll-Kit-BMW-E87-116i-118i-120i-130i,"Eibach Anti Roll-Kit BMW E87 116i,118i,120i,130i / E40-20-013-01-11",eibach-pro-kit-bmw-e87-116i118i120i,review,0.58,4,
/bmw-m-performance-uitlaatsysteem-f3x-AUT.html,BMW M Performance uitlaatsysteem F3x- 18302348498,bmw-sleuteletui-m-performance,review,0.43,4,
/BMW-achterklep-embleem-E36-Touring,BMW achterklep embleem E36 Touring,bmw-achterklep-embleem-e46-touring,review,0.67,4,
/bmw-m-performance-uitlaatsysteem-f22/f23,M Performance uitlaatsysteem F22/F23,m-performance-grille-zwart-f22f23,review,0.5,4,
/M-Performance-sierstukken-Chroom,Set M Performance sierstukken Chroom,bmw-m-performance-uitlaatsierstukken-chroom,review,0.5,4,
/bmw-m-performance-uitlaatsysteem-f30/f31-F32/f33/f36-AUT,M Performance uitlaatsysteem F30/F31 F32/F33/F36 35i(X) AUT,m-performance-einddempersysteem-f30f31-f32f33f36-35ix,review,0.6,4,
/5mm-Zwart-Geanodiseerde-Spoorverbreders,5mm BMW Zwart Geanodiseerde Spoorverbreders / TuningMotiveParts,5mm-zwart-geanodiseerde-spoorverbreders-4x100,review,0.8,4,
/bmw-m-performance-automatten-f10-f11,BMW M Performance mattenset F10/F11- 51472365217,m-performance-mattenset-f10f11,review,0.62,4,
/Supersprint-OO80-BMW-E46-M3-3.2i,787506 - Supersprint (OO 80) BMW E46 M3 3.2i,supersprint-oo-80-bmw-e46-m3-32i-sport,review,0.73,4,
"/Supersprint-OO80-BMW-F30/F31-316i,318i","984306 - Supersprint (OO 80) BMW F30/F31 316i,318i",supersprint-oo-80-bmw-e46-316i316ci318i318ci,review,0.46,4,
/Kortere-stabilisatorstangen-E34-E36,Kortere stabilisatorstangen E34 E36,kortere-stabilisatorkogel-koppelstang-e34-e36-e46,review,0.43,4,
"/Cobra-Verlagingsveren-G21-320e,330e-xDrive","Cobra Verlagingsveren G21 320e, 330e",cobra-suspension-verlagingsveren-g21-320e-330e-xdrive-4035mm,review,0.6,4,
"/Cobra-Verlagingsveren-X3-F25-20i,28i,20d","Cobra Verlagingsveren X3 F25 20i,28i 20d",cobra-suspension-verlagingsveren-x3-f25-20i28i-20d-3535mm,review,0.58,4,
/Dynamische-OLED-achterlichten-G20,Dynamische OLED achterlichten,dynamische-oled-achterlichten-bmw-3-serie-g20,review,0.57,4,
/Carbon-spiegelkappen-F80-M3-F82/F83-M4,,m-performance-carbon-spiegelkappen-f80-m3-f82f83-m4,review,0.7,4,
/mw-m-stuur-afdekking-e6x.html,BMW M Stuur afdekking E6x,bmw-m-stuurafdekking-e6x,review,0.5,3,
/bmw-onderhoudsset-zomer.html,BMW Onderhoudsset zomer,onderhoudsset-zomer,review,0.67,3,
/Webwinkel-Product-175166675/Eibach-Pro-Kit-BMW-F11-Touring-M550d-xDrive.html,Eibach Pro-Kit BMW F11 Touring M550d xDrive / E10-20-022-05-20,eibach-pro-kit-bmw-f31-touring-330d-xdrive-335d-xdrive,review,0.55,3,
/Eibach-Pro-Kit-BMW-F20-125d,Eibach Pro-Kit BMW F20 125d - E10-20-030-02-22,eibach-pro-kit-bmw-f21-120d125d,review,0.56,3,
/eibach-prokit-bmw-e39-touring-525d-530d-met-luchtvering.html,"Eibach Pro-Kit BMW E39 Touring 525d,530d / E2071-120",eibach-pro-kit-bmw-e39-touring-525d530d,review,0.73,3,
/Webwinkel-Product-175166999/Eibach-Anti-Roll-Kit-BMW-E91-Touring-316i318i320i.html,"Eibach Anti Roll-Kit BMW E91 Touring 316i,318i,320i / E40-20-013-01-11",eibach-anti-roll-kit-bmw-f23-220d,review,0.5,3,
/Webwinkel-Product-175167155/Eibach-Anti-Roll-Kit-BMW-E90-Sedan-316i318i320i320si.html,"Eibach Anti Roll-Kit BMW E90 Sedan 316i,318i,320i,320si / E40-20-013-01-11",eibach-anti-roll-kit-bmw-e90-sedan-335i335d,review,0.64,3,
/Bilstein-B12-Pro-kit-F21-114i-116i-118i-120i-125i,"Bilstein B12 Pro-kit F21 114i,116i,118i,120i,125i / E90-20-030-01-22",bilstein-b12-pro-kit-e87-116i118i120i,review,0.58,3,
/bilstein-b12-prokit-bmw-e60-sedan-540i-545i-550i.html,"Bilstein B12 Pro-kit E60 Sedan 540i,545i,550i / E90-20-011-03-22",bilstein-b12-sportline-e60-sedan-540i545i550i,review,0.64,3,
/Uitlaatsierstukken-chroom-Z3,"Uitlaatsierstukken chroom Z3 2.0, 2.2i, 2.5i, 2.8, 3.0i",uitlaatsierstukken-chroom-z3-20-22i-25i-28-30i,review,0.67,3,
/Race-remblokken-EBC-Yellow-Stuff-achterzijde-E36-E46-Z4,Race remblokken EBC Yellow Stuff achterzijde E36 E46 Z4,ebc-yellow-stuff-remblokken-achter-e36-e46-z4,review,0.7,3,
/BMW-M-Performance-grille-G32,BMW M Performance grille G32,bmw-m-performance-grille-f44,review,0.67,3,
/KN-Vervangingsfilter-E34-M60,K&N Vervangingsfilter E34 M60,kn-vervangingsfilter-e34-m50-m5,review,0.5,3,
/HR-Stabilisator-set-F2x-F3x-6cil-xDrive,"H&R Stabilisator set F2x F3x 6cil. (behalve 2.0, 2.5) xDrive",hr-stabilisator-set-f2x-f3x-6cil-behalve-20-25-xdrive,review,0.8,3,
/HR-Stabilisator-set-E60/E61-E63/E64,H&R Stabilisator set E60/E61 E63/E64,hr-stabilisator-set-e60e61-e63e64,review,0.73,3,
"/Cobra-Verlagingsveren-F20-F21-114i,116i,118i,120i","Cobra Verlagingsveren F20/F21 114i, 116i, 118i, 120i",cobra-suspension-verlagingsveren-f20f21-114i-116i-118i-120i-2535mm,review,0.62,3,
/Cobra-Verlagingsveren-F30-330e-M-Sport,Cobra Verlagingsveren F30 330e M-Sport,cobra-suspension-verlagingsveren-f30-330e-m-sport-2515mm,review,0.6,3,
/Cobra-Verlagingsveren-F82-M4,Cobra Verlagingsveren F82 M4,cobra-suspension-verlagingsveren-f82-m4-2520mm,review,0.5,3,
/Goodridge-stalen-remleidingen-BMW-E46-Touring,Goodridge stalen remleidingen BMW E46,goodridge-stalen-remleidingen-bmw-e46-touring-98-01,review,0.75,3,
/Grill-JCW-look-mat-zwart-R55-R56-R57-10/13,Grill JCW-look mat zwart (R55 R56 R57),grille-mat-zwart-mini-r55-r56,review,0.4,3,
/bmw-stuur-afdekking-met-chroomdetails-Serie-e92-e93.html,"BMW Stuur afdekking zwart met chroomdetails E92LCI,E93LCI",bmw-stuurafdekking-zwart-met-chroomdetails-e92lcie93lci,review,0.6,3,
/Mini-sleutelhanger-munt,MINI sleutelhanger munt,mini-logo-sleutelhanger-winkelwagen-munt,review,0.6,3,
/bmw-e30-325i-achterklep-embleem,e30 325i embleem achterklep,embleem-achterklep-e28-e30-z3m,review,0.5,3,
"/Cobra-Verlagingsveren-F31-335i,340i,330d,335d-xDrive","Cobra Verlagingsveren F31 335i, 340i 330d, 335d xDrive",cobra-suspension-verlagingsveren-f31-335i-340i-330d-335d-xdrive-3025mm,review,0.67,3,
"/Cobra-Suspension-verlagingsveren-G30-520e,530e-25mm","Cobra Verlagingsveren G30 520e, 530e",cobra-suspension-verlagingsveren-g30-520e530e-3520mm,review,0.55,3,
/Cobra-Verlagingsveren-iX3-G08,Cobra Verlagingsveren iX3 G08,cobra-suspension-verlagingsveren-ix3-g08-3530mm,review,0.5,3,
/Eisenmann-2x76mm-BMW-F23-220i,B5442.00762_220I_CABRIO,eisenmann-2x70mm-bmw-f23-220i,review,0.67,3,
/Cobra-Verlagingsveren-G16-840i-Gran-Coupe,Cobra Verlagingsveren G16 840i Gran Coupe,cobra-suspension-verlagingsveren-g16-840i-gran-coupe-2535mm,review,0.6,3,
/Cobra-Verlagingsveren-MINI-J01-25/15,Cobra Suspension verlagingsveren | MINI Cooper Electric J01 E,cobra-suspension-verlagingsveren-mini-cooper-electric-j01-e-2515mm,review,0.73,3,
/Files/2/21000/21945/FileBrowser/documenten/montage-handleiding-diffuser.pdf,,motorsport-diffuser-f20f21-2,none,0.14,3,
/bmw-uitlaatstukken-verchroomd-x3-f25,"BMW Uitlaateindstuk verchroomd X3 F25 30dX,35dX",bmw-x3-sleutelhanger,none,0.33,2,
/bmw-lederen-matt-chrome-m-schakelknop,BMW Lederen Matt Chrome M schakelknop E46/E39/Z3,bmw-leder-matt-chrome-schakelknop-e46e39z3,review,0.64,2,
/kw-suspension-variant-1-bmw-3-serie-e91-touring,10220033 | KW Variant 1 BMW 3 Serie E91 Touring,kw-variant-1-bmw-3-serie-e36-touring,review,0.7,2,
/bmw-mattenset-velours-3-serie-e93-cabrio.html,"BMW Mattenset Velours 3 Serie E93,E93LCI Cabrio",ap-suspension-bmw-3-serie-e93-cabrio,review,0.56,2,
/bmw-mattenset-velours-1-serie-f20.html,BMW Mattenset Velours 1 Serie F20/F20LCI 5drs,bmw-mattenset-velours-f20f20lci,review,0.56,2,
/bmw-mattenset-velours-3-serie-e46.html,"BMW Mattenset Velours 3 Serie E46 Sedan, Touring, Coupe en Compact.",bmw-mattenset-velours-e46-sedantouringcoupecompact,review,0.67,2,
/bmw-m-diffusor-e92-e93-335i-335d.html,"BMW M Diffusor E92,E92LCI,E93,E93LCI 335i,335d",bmw-m-diffuser-e92e92lcie93e93lci-335i335d,review,0.67,2,
/bmw-m-stuur-afdekking-zonder-multifunctionele-bediening-e8x.html,BMW M stuur afdekking zwart zonder multifunctionele bediening E8x,bmw-m-stuurafdekking-zwart-zonder-multifunctionele-bediening,review,0.6,2,
/mw-stuur-afdekking-zwart-e87-e90-e91.html,"BMW Stuur afdekking Zwart E87,E90,E91",bmw-stuur-afdekking-titanium-e87e90,review,0.56,2,
/eisenmann-2x76mm-bmw-f22-220i.html,B5442.00762_220I_COUPE,eisenmann-2x70mm-bmw-f22-220i,review,0.67,2,
/eisenmann-2x70mm-bmw-e90-sedan-316i-318i-320i.html,"B5349.00702 - Eisenmann 2x70mm BMW E90 316i,318i,320i",eisenmann-2x70mm-bmw-e91-316i318i320i,review,0.6,2,
/eisenmann-2x76mm-bmw-e39-sedan-520i-523i-525i-528i-530i.html,"B5232.00760 - Eisenmann 2x76mm BMW E39 Sedan 520i,523i,525i,528i,530i",eisenmann-2x76mm-bmw-e39-sedan-520i523i525i528i530i,review,0.91,2,
/eisenmann-2x83mm-bmw-e39-sedan-m-520i-523i-525i-528i-530i.html,"B5232.09831 - Eisenmann 2x83mm BMW E39 Sedan 520i,523i,525i,528i,530i",eisenmann-2x83mm-bmw-e39-sedan-520i523i525i528i530i,review,0.83,2,
/BMW-zijknipperlichten-wit,BMW Zijknipperlicht wit,zijknipperlichten-wit-e46-m3,review,0.4,2,
/Webwinkel-Product-175165313/Eibach-Pro-Street-S-F36-Gran-Coupe-420i428i430i.html,"Eibach Pro-Street-S F36 Gran Coupe 420i,428i,430i / PSS65-20-031-11-22",eibach-pro-street-s-e46-coupe-m3,review,0.5,2,
/eibach-prokit-bmw-z4-e89-sdrive35i-sdrive35is.html,"Eibach Pro-Kit BMW Z4 E89 Roadster sDrive35i, sDrive35is / E10-20-019-02-22",eibach-pro-kit-bmw-z4-e89-roadster-sdrive35i-sdrive35is,review,0.64,2,
/Webwinkel-Product-175166609/Eibach-Pro-Kit-BMW-F30-Sedan-316i318i320i.html,"Eibach Pro-Kit BMW F30 Sedan 316i,318i,320i / E10-20-031-01-22",eibach-pro-kit-bmw-f30-sedan-activehybrid,review,0.75,2,
/Eibach-Pro-Kit-BMW-F20-120d-xDrive-118d-xDrive,"Eibach Pro-Kit BMW F20 120d xDrive, 118d xDrive / E10-20-030-02-22",eibach-pro-kit-bmw-f22-m235i-xdrive,review,0.5,2,
/eibach-prokit-bmw-e82-1m-coupe.html,Eibach Pro-Kit BMW E82 1M Coupe - E10-20-016-03-22,eibach-pro-kit-bmw-e82-1m-coupe,review,0.62,2,
/eibach-prokit-bmw-e60-sedan-525d-530d-535d.html,"Eibach Pro-Kit BMW E60 Sedan 525d,530d,535d / E10-20-011-02-22",eibach-pro-kit-bmw-e60-sedan-525d530d535d,review,0.64,2,
/Eibach-Pro-Kit-BMW-E46-Sedan-320i-323i-325i-328i-330i,"Eibach Pro-Kit BMW E46 Sedan 320i,323i,325i,328i,330i / E2067-140",eibach-pro-kit-bmw-e90-sedan-323i325i328i330i,review,0.69,2,
/Webwinkel-Product-175166957/Eibach-Anti-Roll-Kit-BMW-F31-Touring-320ixDrive328ixDrive330ixDrive.html,"Eibach Anti Roll-Kit BMW F31 Touring 320ixDrive,328ixDrive,330ixDrive / E40-20-031-02-11",eibach-anti-roll-kit-bmw-f23-220d,review,0.5,2,
/Webwinkel-Product-175167563/Bilstein-B12-Pro-kit-F36-Gran-Coupe-435i440i.html,"Bilstein B12 Pro-kit F36 Gran Coupe 435i,440i / E90-20-031-10-22",bilstein-b12-pro-kit-f36-gran-coupe-420d425d,review,0.64,2,
/bilstein-b12-prokit-bmw-e91-touring-316i-318i-320i.html,"Bilstein B12 Pro-kit E91 Touring 316i,318i,320i / E90-20-014-05-22",bilstein-b12-sportline-e91-touring-316i318i320i,review,0.64,2,
/Webwinkel-Product-175167805/Bilstein-B12-Pro-kit-E60-Sedan-520i523i525i.html,"Bilstein B12 Pro-kit E60 Sedan 520i,523i,525i / E90-20-011-01-22",bilstein-b12-pro-kit-e60-sedan-530i535i,review,0.6,2,
/ap-suspension-schroefset-bmw-3serie-e36-coupe.html,AP Suspension BMW 3 Serie E36 Cabrio - GF20-011,ap-suspension-bmw-3-serie-e36-touring,review,0.6,2,
/ap-suspension-schroefset-bmw-z4-e85-roadster.html,AP Suspension BMW Z4 E85 Roadster - GF20-004,ap-suspension-bmw-z4-e89-roadster,review,0.62,2,
/Eibach-Sportline-BMW-F20-114i-116i-118i,"Eibach Sportline BMW F20 114i,116i,118i / E20-20-030-01-22",eibach-sportline-bmw-e81-116i118i120i,review,0.5,2,
/Eibach-Pro-Kit-BMW-F21-120i-125i,"Eibach Pro-Kit BMW F21 120i,125i - E10-20-030-01-22",eibach-pro-kit-bmw-e82-120i125i135i,review,0.6,2,
/BMW-Grille-Sport-Line-bmw-f30-f31,BMW Grille Sport Line F30/F31,grille-sport-line-f30f31,review,0.71,2,
/bmw-chrome-grille-e46-sedan-touring-compact.html,"BMW Chrome Grille E46 Sedan, Touring, Compact",grille-chroom-e46-sedan-touring-compact,review,0.62,2,
/Grille-mat-zwart-F10/F10LCI-F11/F11LCI,Grille mat zwart F10/F10LCI F11/F11LCI,grille-mat-zwart-f10-f11,review,0.71,2,
/Race-remblokken-EBC-Red-Stuff-achterzijde-E36-E46-Z4,Race remblokken EBC Red Stuff achterzijde E36 E46 Z4,ebc-red-stuff-remblokken-achter-e36-e46-z4,review,0.7,2,
/Strongflex-achterste-subframe-rubber-achteras-E46-Red,Strongflex achterste subframe rubber achteras E46,strongflex-achterste-subframe-rubber-achteras-e36-red,review,0.75,2,
/Strongflex-stabilisatorstang-rubber-vooras-E8x-E46M3-E9x-E60/E61-XSerie-Z4-Red,"Strongflex stabilisatorstang rubber vooras E8x, E46 M3, E9x, E60/E61, X Serie, Z4",strongflex-stabilisatorstang-rubber-vooras-e8x-e46-m3-e9x-e60e61-x-serie-z4-red,review,0.87,2,
/Knipperlichtglas-oranje-E30,Knipperlichtglas oranje E30,knipperlichtglas-set-origineel-bmw-oranje-e30,review,0.5,2,
/Ultra-Racing-Strutbar-BMW-E9x-325,Ultra Racing Strutbar BMW E9x 325,strutbar-bmw-e9x-320i,review,0.43,2,
/M-Performance-sierstukken-Carbon-F20/F21,M Performance sierstukken Carbon F20/F21,bmw-m-performance-uitlaatsierstukken-carbon-f20f21,review,0.56,2,
/BMW-Mattenset-Performance-G30/G31,BMW Mattenset Performance G30/G31,m-performance-mattenset-g30g31-f90-m5,review,0.44,2,
/MINI-Ventieldopjes-Wing-Logo,MINI Ventieldopjes Wing Logo,mini-cooper-logo,review,0.4,2,
/Cobra-Verlagingsveren-I3-i01,Cobra Verlagingsveren I3 i01,cobra-suspension-verlagingsveren-i3-i01-2525mm,review,0.5,2,
"/Cobra-Verlagingsveren-F11-535i,525d,530d,535d","Cobra Verlagingsveren F11 535i,525d,530d,535d",cobra-suspension-verlagingsveren-f11-535i-525d530d535d-met-luchtvering-achter-30mm,review,0.54,2,
/Cobra-Verlagingsveren-G31-520i/530i-518d/520d,Cobra Verlagingsveren G31 520i/530i 518d/520d,cobra-suspension-verlagingsveren-g31-520i-530i-518d-520d-met-luchtvering-achter-30mm,review,0.58,2,
/Grille-hoogglans-zwart-F10/F10LCI-F11/F11LCI,Grille hoogglans zwart F10/F10LCI F11/F11LCI,grille-hoogglans-zwart-f10-f11,review,0.71,2,
/Achterlichten-red/smoke-E30-82/87-82/90,Achterlichten red/smoke E30 82-87 / 82-90,achterlichten-redsmoke-e30-82-87-82-90,review,0.88,2,
"/Supersprint-OO76-BMW-E39-535i,540i","785526 - Supersprint (OO 76) BMW E39 535i,540i",supersprint-oo-76-bmw-e39-535i540i,review,0.78,2,
"/Supersprint-OO80-BMW-F22/F23-228i,230i","985106 - Supersprint (OO 80) BMW F22/F23 228i,230i",supersprint-oo-80-bmw-f22f23-228i230i,review,0.73,2,
"/Supersprint-OO100-BMW-F32-420i,428i,430i","987924 - Supersprint (OO 100) BMW F32 420i,428i,430i",supersprint-oo-100-bmw-f36-420i428i430i,review,0.64,2,
"/MINI-Sierschrift-Cooper-Piano-Black-(F54,F55,F56,F57,F60)","MINI Sierschrift 'Cooper' Piano Black (F54,F55,F56,F57,F60)",mini-sierschrift-cooper-piano-black-f54f55f56f57f60,review,0.91,2,
/Glanszwart-stickerset-kofferklep-embleem,Glanszwart stickerset kofferklep embleem,stickerset-stuurwiel-embleem-glanszwart,review,0.6,2,
/15mm-Zwart-Geanodiseerde-Spoorverbreders,Zwart Geanodiseerde Spoorverbreders / TuningMotiveParts,15mm-zwart-geanodiseerde-spoorverbreders-xm,review,0.8,2,
/20mm-Zwart-Geanodiseerde-Spoorverbreders,Zwart Geanodiseerde Spoorverbreders / TuningMotiveParts,20mm-zwart-geanodiseerde-spoorverbreders-xm,review,0.8,2,
/Zilver-Geanodiseerde-Spoorverbreders-5mm,Zilver Geanodiseerde Spoorverbreders / TuningMotiveParts,5mm-zilver-geanodiseerde-spoorverbreders-4x100,review,0.8,2,
/Cobra-Verlagingsveren-Mini-R53-Cooper-S-40mm,Cobra Verlagingsveren Mini R53 Cooper S,cobra-suspension-verlagingsveren-mini-r53-cooper-s-4040mm,review,0.7,2,
/Cobra-Verlagingsveren-Mini-F54-JCW-ALL4,Cobra Verlagingsveren Mini F54 JCW ALL4,cobra-suspension-verlagingsveren-mini-f54-jcw-all4-4035mm,review,0.6,2,
/Cobra-Verlagingsveren-Mini-F60-SE-ALL4,Cobra Verlagingsveren Mini F60 SE ALL4,cobra-suspension-verlagingsveren-mini-f60-countryman-se-all4-3030mm,review,0.55,2,
"/Cobra-Verlagingsveren-F44-220i,218d,220d-45/45","Cobra Verlagingsveren F44 220i 218d, 220d",cobra-suspension-verlagingsveren-f44-220i-218d-220d-4545mm,review,0.7,2,
/Cobra-Verlagingsveren-G20-M340i,Cobra Verlagingsveren G20 M340i,cobra-suspension-verlagingsveren-g20-m340i-xdrive-2520mm,review,0.44,2,
"/Cobra-Verlagingsveren-G20-320e,330e","Cobra Verlagingsveren G20 320e, 330e",cobra-suspension-verlagingsveren-g20-320e-330e-4540mm,review,0.56,2,
/Cobra-Verlagingsveren-G21-M340i-xDrive,Cobra Verlagingsveren G21 M340i xDrive,cobra-suspension-verlagingsveren-g21-m340i-xdrive-3020mm,review,0.56,2,
/Cobra-Suspension-In-hoogte-verstelbare-verlagingsveren-G80-M3,Cobra Suspension In hoogte verstelbare verlagingsveren | G80 M3,cobra-suspension-in-hoogte-verstelbare-verlagingsveren-g80-m3-20-45-0-30-mm,review,0.62,2,
/Cobra-Suspension-verlagingsveren-G60-i5M60-xDrive,Cobra Verlagingsveren G60 i5 M60 xDrive,cobra-suspension-verlagingsveren-g60-550e-xdrive-incl-verstelbare-verlagingsstangen-30mm,review,0.45,2,
"/Cobra-Verlagingsveren-F01-730d,740d-xDrive","Cobra Verlagingsveren F01 730d,740d xDrive",cobra-suspension-verlagingsveren-f01-730d740d-xdrive-3535mm,review,0.55,2,
/Cobra-Suspension-verlagingsveren-X5-F15-40e,Cobra Verlagingsveren X5 F15 40e,cobra-suspension-verlagingsveren-x5-f15-40e-luchtvering-achter-incl-verstelbare-verlagingsstangen-35mm,review,0.5,2,
/Grille-hoogglans-zwart-G20-G21,Grille hoogglans zwart,grille-hoogglans-zwart-e36,review,0.75,2,
/Eventuri-Performance-Carbon-Intake-Carbon-Scoop-MINI-F5x,Eventuri Performance Intake (Carbon Intake Carbon Scoop) | MINI F5x Cooper S/JCW,eventuri-performance-intake-carbon-intake-carbon-scoop-mini-f5x-cooper-sjcw,review,0.91,2,
/Zilver-Geanodiseerde-Spoorverbreder-20mm-XM,Zilver Geanodiseerde Spoorverbreders / TuningMotiveParts (XM),20mm-zilver-geanodiseerde-spoorverbreders-xm,review,0.67,2,
/Dynamische-smoke-OLED-achterlichten-G20,Dynamische smoke OLED achterlichten,dynamische-smoke-oled-achterlichten-bmw-3-serie-g20,review,0.62,2,
/Cobra-Suspension-verlagingsveren-F70-120i,Cobra Suspension verlagingsveren | F70 120i,cobra-suspension-verlagingsveren-f70-120i-3025mm,review,0.62,2,
/Cobra-Verlagingsveren-G20-M340i-xDrive-25/20,Cobra Verlagingsveren G20 M340i xDrive,cobra-suspension-verlagingsveren-g20-m340i-xdrive-2520mm,review,0.6,2,
/Cobra-Suspension-verlagingsveren-G60-530e-xDrive-35mm,Cobra Suspension verlagingsveren | G60 530e xDrive,cobra-suspension-verlagingsveren-g60-530e-xdrive-incl-verstelbare-verlagingsstangen-350-35mm,review,0.54,2,
/Cobra-Suspension-verlagingsveren-G61-530e,Cobra Suspension verlagingsveren | G61 530e,cobra-suspension-verlagingsveren-g61-530e-incl-verstelbare-verlagingsstangen-300-30mm,review,0.42,2,
"/Cobra-Suspension-verlagingsveren-F11-535i,525d,530d,535d","Cobra Suspension verlagingsveren | F11 535i, 525d 530d 535d",cobra-suspension-verlagingsveren-f11-535i-525d530d535d-met-luchtvering-achter-30mm,review,0.62,2,
/Frontlip-hoogglans-zwart-E46-coupe-cabrio,,bmw-m-voetsteun-zwart-e46-coupe-cabrio,review,0.44,2,
/bmw-zeemlap.html,,zeemlap,review,0.5,2,
/Frontlip-carbon-BMW-M3-M4,,splitters-carbon-bmw-m3-f80-m4-f82f83,review,0.4,2,
/Frontlip-carbon-BMW-M3-F80-M4-F82/F83,,splitters-carbon-bmw-m3-f80-m4-f82f83,review,0.7,2,
/Diffuser-GTR-carbon-F10/F11,,diffuser-performance-look-f10f11,none,0.38,2,
/EVO-spiegelkappen-F20/F21-F22/F23-F30/F31/F34GT-F32/F33/F36,,bmw-zwartchroom-uitlaatsierstukken-f20f21f22f23f30f31f32f33,review,0.44,2,
/Zwart-chroom-Uitlaatsierstukken-F06-F12-F13-M6,"Black chroom Competition uitlaatsierstukken F11 / F06,F12,F13",black-chroom-competition-uitlaatsierstukken-f10-m5-f06f12f13-m6,review,0.58,1,
/HR-verlagingsveren-28896-1-bmw-f20-f21,H&R Verlagingsveren F20/F21,hr-verlagingsveren-low-version-f20f21,review,0.56,1,
/bmw-e46-midden-console-zwart.html,BMW E46 Midden Console,bmw-e46-opbergvak-zwart,review,0.5,1,
/kw-suspension-variant-1-bmw-3-serie-e36-cabrio-,10220011 | KW Variant 1 BMW 3 Serie E36 Cabrio,kw-variant-1-bmw-3-serie-e36-sedan,review,0.7,1,
/bmw-mattenset-velours-1-serie-e88-cabrio.html,BMW Mattenset Velours 1 Serie E88 Cabrio,bmw-mattenset-velours-e88-cabrio,review,0.71,1,
/bmw-mattenset-velours-5-serie-e60-e61.html,"BMW Mattenset Velours 5 Serie E60 Sedan, E61 Touring",bmw-mattenset-velours-e60e61,review,0.62,1,
/bmw-mattenset-allweather-5serie-e60-e61.html,"BMW Mattenset Allweather 5 Serie - E60,E61",bmw-mattenset-voorzijde-allweather-e60e61,review,0.62,1,
/bmw-mattenset-allweather-5serie-f10-f11.html,"BMW Mattenset Allweather 5 Serie - F10,F11",bmw-mattenset-voorzijde-allweather-f10f11,review,0.62,1,
/bmw-stuur-afdekking-met-chroomdetails-e8x.html,BMW Stuur afdekking zwart met chroomdetails E8x,bmw-stuur-afdekking-zwart-met-verchroomde-sierranden-e8x,review,0.67,1,
/eisenmann-2x76mm-bmw-f31-330d.html,B5433.00762,eisenmann-2x76mm-bmw-f31-328i,review,0.67,1,
/bmw-uitlaatsierstuk-mattchrome-f02-f21-114i-114d-116i-116d-118i-118d-120d.html,"BMW uitlaatsierstuk mattchrome F20,F21 114i,114d,116i,116d,118i,118d,120d",supersprint-bmw-f20f21-114i116i118i120i,none,0.38,1,
/bmw-e46-midden-console-grijs.html,BMW E46 Midden Console grijs,bmw-e46-bekerhouder-grijs,review,0.5,1,
/bmw-e46-midden-console-beige.html,BMW E46 Midden Console beige,bmw-e46-bekerhouder-beige,review,0.5,1,
/bmw-chroompolish.html,BMW chroompolish,chroompolish,review,0.5,1,
/bmw-onderhoudsmiddel-kunststof.html,BMW Onderhoudsmiddel kunststof,bmw-x5-sleutelhanger,none,0.2,1,
/bmw-m-performance-uitlaatsysteem-f3x.html,BMW M Performance uitlaatsysteem F3x- 18302348498,bmw-sleuteletui-m-performance,review,0.5,1,
/eibach-prokit-bmw-z4-e85-roadster-22i-25i-25si-30i-30si.html,"Eibach Pro-Kit BMW Z4 E85 Roadster 2.2i, 2.5i, 2.5si, 3.0i, 3.0si / E10-20-010-01-22",eibach-pro-kit-bmw-z4-e85-roadster-22i-25i-25si-30i-30si,review,0.58,1,
/Webwinkel-Product-175166557/Eibach-Pro-Kit-BMW-F36-Gran-Coupe-420i428i430i.html,"Eibach Pro-Kit BMW F36 Gran Coupe 420i,428i,430i / E10-20-031-03-22",eibach-pro-kit-bmw-e46-coupe-m3,review,0.5,1,
/Webwinkel-Product-175166561/Eibach-Pro-Kit-BMW-F31-Touring-335i340i.html,"Eibach Pro-Kit BMW F31 Touring 335i,340i / E10-20-031-04-22",eibach-pro-kit-bmw-f31-touring-320ix318dx,review,0.6,1,
/eibach-prokit-bmw-f31-touring-330dxdrive-335dxdrive.html,"Eibach Pro-Kit BMW F31 Touring 330d xDrive, 335d xDrive / E10-20-031-17-22",eibach-pro-kit-bmw-f31-touring-330d-xdrive-335d-xdrive,review,0.64,1,
/Eibach-Pro-Kit-BMW-F20-M135i-xDrive,Eibach Pro-Kit BMW F20 M135i xDrive / E10-20-030-03-22,eibach-pro-kit-bmw-f22-m235i-xdrive,review,0.56,1,
/Eibach-Pro-Kit-BMW-F22-218i-220i-228i,"Eibach Pro-Kit BMW F22 218i,220i,228i - E10-20-030-01-22",eibach-pro-kit-bmw-f22-m235i,review,0.56,1,
"/Eibach-Pro-Kit-BMW-F10-Sedan-520i,523i,528i,530i","Eibach Pro-Kit BMW F10 Sedan 520i,523i,528i,530i / E10-20-022-04-20",eibach-pro-kit-bmw-e39-sedan-520i523i525i528i530i,review,0.69,1,
/Webwinkel-Product-175167607/Bilstein-B12-Pro-kit-F30-Sedan-325d.html,Bilstein B12 Pro-kit F30 Sedan 325d / E90-20-031-01-22,bilstein-b12-pro-kit-e46-sedan-330xd,review,0.56,1,
/Webwinkel-Product-175167619/Bilstein-B12-Pro-kit-F31-Touring-320i328i330i.html,"Bilstein B12 Pro-kit F31 Touring 320i,328i,330i / E90-20-031-09-22",bilstein-b12-pro-kit-f31-touring-335i340i,review,0.6,1,
/bilstein-b12-prokit-bmw-e91-touring-316d-318d-320d.html,"Bilstein B12 Pro-kit E91 Touring 316d,318d,320d / E90-20-014-06-22",bilstein-b12-sportline-e91-touring-316d318d320d,review,0.64,1,
"/Bilstein-B12-Pro-kit-E46-Cabrio-320Ci,323Ci,325Ci,330Ci","Bilstein B12 Pro-kit E46 Cabrio 320Ci,323Ci,325Ci,330Ci / E90-20-001-02-22",bilstein-b12-pro-kit-e46-cabrio-318ci,review,0.55,1,
/Bilstein-B12-Pro-kit-E46-Coupe-320Ci-323Ci-325Ci-328Ci-330Ci,"Bilstein B12 Pro-kit E46 Coupe 320Ci,323Ci,325Ci,328Ci,330Ci / E90-20-001-02-22",bilstein-b12-pro-kit-e46-coupe-m3,review,0.5,1,
/Webwinkel-Product-175168001/AP-Suspension-BMW-1-Serie-F20-F20LCI.html,AP Suspension BMW 1 Serie F20/F20LCI - GF20-104,ap-suspension-bmw-1-serie-e88-cabrio,review,0.56,1,
/BMW-M-Performance-grille-F10-F11,BMW M Performance grille F10/F11,m-performance-grille-f10f11,review,0.71,1,
/bmw-m-performance-automatten-x6-f16,BMW M Performance mattenset X6 F16,m-performance-mattenset-x6-f16-x6-m-f86,review,0.71,1,
/Motorsport-diffusor-m-tech-bumper-E36,Motorsport diffusor M-tech bumper E36,motorsport-diffuser-m-tech-bumper-e36,review,0.71,1,
/Kofferklep-embleem-M3(CSL)-E46,Kofferklep embleem M3(CSL) E46,embleem-chroom-kofferklep-m3csl-e46,review,0.71,1,
/Grille-mat-zwart-E9x,Grille mat zwart E9x,grille-mat-zwart-e30,review,0.6,1,
/Grille-chroom/zwart-F22/F23,Grille chroom/zwart F22/F23,grille-chroomzwart-f22f23,review,0.71,1,
/Grille-mat-zwart-E60/E61,Grille mat zwart E60/E61,dubbelspaak-grille-mat-zwart-e60e61,review,0.71,1,
/Grille-mat-zwart-E46-Coupe/Cabrio-03/03,Grille mat zwart E46 Coupe/Cabrio -03/03,grille-mat-zwart-e46-coupecabrio-0303,review,0.78,1,
/Strongflex-opstaande-stabilisatorstang-rubber-Yellow,Strongflex opstaande stabilisatorstang rubber E30 E36 E28 E34 E32 Z3,strongflex-opstaande-stabilisatorstang-rubber-e30-e36-e28-e34-e32-z3-yellow,review,0.91,1,
/Strongflex-voorste-differentieel-rubber-E30-E36-Z3-Red,"Strongflex voorste differentieel rubber E30, E36 Compact, Z3",strongflex-differentieel-rubber-e30-e36-compact-z3-red,review,0.78,1,
/Grille-mat-zwart-E34,Grille mat zwart E34,grille-mat-zwart-e34-v8-95,review,0.67,1,
/Ultra-Racing-Strutbar-BMW-E9x-335,Ultra Racing Strutbar BMW E9x 335,strutbar-bmw-e9x-320i,review,0.43,1,
/Koplampen-smoke-Angel-Eyes-E30,Koplampen smoke -Angel Eyes- E30,koplampen-angel-eyes-smoke-h1h1-e30,review,0.71,1,
/M-Performance-sierstukken-Chroom-F20/F21,M Performance sierstukken Chroom F20/F21,bmw-m-performance-uitlaatsierstukken-chroom-f20f21,review,0.56,1,
/Cobra-Verlagingsveren-F30/330e,Cobra Verlagingsveren F30 330e,cobra-suspension-verlagingsveren-f30-330e-2515mm,review,0.5,1,
"/Cobra-Verlagingsveren-X5-F15-35i/25d,30d,40d-xDrive","Cobra Verlagingsveren X5 F15 35i 25d,30d,40d xDrive",cobra-suspension-verlagingsveren-x5-f15-35i-25d30d40d-xdrive-3535mm,review,0.64,1,
"/Cobra-Verlagingsveren-E93-Cabrio-335i/325d,330d","Cobra Verlagingsveren E93 Cabrio 335i / 325d,330d",cobra-verlagingsveren-e93-cabrio-335i-325d330d,review,0.88,1,
/Cobra-Verlagingsveren-G31-540i-525d/530d,Cobra Verlagingsveren G31 540i 525d/530d,cobra-suspension-verlagingsveren-g31-540i-525d-530d-met-luchtvering-achter-30mm,review,0.55,1,
/Koplampen-chroom-Angel-Eyes-E30,Koplampen chroom -Angel Eyes- E30,koplampen-angel-eyes-chroom-h1h1-e30,review,0.71,1,
/KN-Vervangingsfilter-Mini-Cooper-S-2002-,K&N Vervangingsfilter Mini Cooper S 2002-,kn-vervangingsfilter-mini-cooper-s-r50-r52-r53-r56,review,0.5,1,
/Cobra-Verlagingsveren-F87-M2,Cobra Verlagingsveren F87 M2,cobra-suspension-verlagingsveren-f87-m2-2520mm,review,0.5,1,
/Cobra-Verlagingsveren-F20-M135i-M140i,Cobra Verlagingsveren F20 M135i M140i,cobra-suspension-verlagingsveren-f20-m135i-m140i-2030mm,review,0.56,1,
/EBC-Green-Stuff-remblokken-voor-E46-330,EBC Green Stuff remblokken voor E46 330,ebc-green-stuff-remblokken-voor-e39,review,0.62,1,
/Race-remblokken-EBC-Yellow-Stuff-achterzijde-E36-Compact-M3,"Race remblokken EBC Yellow Stuff achterzijde E36 Compact, M3",ebc-yellow-stuff-remblokken-achter-e36-compact-m3,review,0.7,1,
/EBC-Yellow-Stuff-remblokken-E81-E87-E88-E82,EBC Yellow Stuff remblokken voor,ebc-yellow-stuff-remblokken-achter-e81-e87-e88-e82,review,0.89,1,
/Cobra-Verlagingsveren-F20-M135i-M140i-xDrive,Cobra Verlagingsveren F20 M135i M140i xDrive,cobra-suspension-verlagingsveren-f20-m135i-m140i-xdrive-2530mm,review,0.6,1,
/bmw-basisdrager-G20,BMW basisdrager G20 -82712457808,bmw-basisdrager-g31,review,0.5,1,
/3mm-Zilver-Geanodiseerde-Spoorverbreders,Zilver Geanodiseerde Spoorverbreders / TuningMotiveParts,3mm-zilver-geanodiseerde-spoorverbreders-5x112,review,0.8,1,
/Zilver-Geanodiseerde-Spoorverbreder-10mm,Zilver Geanodiseerde Spoorverbreders / TuningMotiveParts,10mm-zilver-geanodiseerde-spoorverbreders-xm,review,0.5,1,
/Zwart-Geanodiseerde-10mm-Spoorverbreders,Zwart Geanodiseerde Spoorverbreders / TuningMotiveParts,10mm-zwart-geanodiseerde-spoorverbreders-xm,review,0.8,1,
/Cobra-Verlagingsveren-Mini-R60-Countryman-Cooper-S-ALL4,Cobra Verlagingsveren Mini R60 Countryman Cooper S ALL4,cobra-suspension-verlagingsveren-mini-r60-countryman-cooper-s-all4-4035mm,review,0.67,1,
/Cobra-Verlagingsveren-Mini-R53-Cooper-S,Cobra Verlagingsveren Mini R53 Cooper S,cobra-suspension-verlagingsveren-mini-r53-cooper-s-4040mm,review,0.6,1,
/Cobra-Verlagingsveren-Mini-F56-Cooper-S,Cobra Verlagingsveren Mini F56 Cooper S,cobra-suspension-verlagingsveren-mini-f56-cooper-s-3525mm,review,0.6,1,
/Cobra-Verlagingsveren-Mini-F56-Cooper-SD,Cobra Verlagingsveren Mini F56 Cooper SD,cobra-suspension-verlagingsveren-mini-f56-cooper-sd-3525mm,review,0.6,1,
/Cobra-Suspension-verlagingsveren-F40-116i-118i-116d,"Cobra Suspension verlagingsveren | F40 116i, 118i 116d",cobra-suspension-verlagingsveren-f40-116i-118i-116d-4540mm,review,0.7,1,
/Cobra-Suspension-verlagingsveren-F40-M135i-xDrive,Cobra Suspension verlagingsveren | F40 M135i xDrive,cobra-suspension-verlagingsveren-f40-m135i-xdrive-3530mm,review,0.67,1,
"/Cobra-Verlagingsveren-F30-335i,340i,330d,335d-xDrive","Cobra Verlagingsveren F30 335i, 340i 330d, 335d xDrive",cobra-suspension-verlagingsveren-f30-335i-340i-330d-335d-xdrive-3025mm,review,0.67,1,
"/Cobra-Verlagingsveren-F31-320i,328i,330i,318d,320d-xDrive","Cobra Verlagingsveren F31 320i, 328i, 330i 318d, 320d xDrive",cobra-suspension-verlagingsveren-f31-320i-328i-330i-318d-320d-xdrive-3020mm,review,0.69,1,
/Cobra-Suspension-In-hoogte-verstelbare-verlagingsveren-G26,Cobra Suspension In hoogte verstelbare verlagingsveren | G26,cobra-suspension-in-hoogte-verstelbare-verlagingsveren-g26-0-40-0-40-mm,review,0.7,1,
/Cobra-Suspension-In-hoogte-verstelbare-verlagingsveren-F87-M2,Cobra Suspension In hoogte verstelbare verlagingsveren | F87 M2,cobra-suspension-in-hoogte-verstelbare-verlagingsveren-f87-m2-20-45-0-30-mm,review,0.62,1,
/Cobra-Suspension-In-hoogte-verstelbare-verlagingsveren-G20,Cobra Suspension In hoogte verstelbare verlagingsveren | G20,cobra-suspension-in-hoogte-verstelbare-verlagingsveren-g26-0-40-0-40-mm,review,0.55,1,
/Cobra-Suspension-In-hoogte-verstelbare-verlagingsveren-G80-M3-xDrive,Cobra Suspension In hoogte verstelbare verlagingsveren | G80 M3 (xDrive),cobra-suspension-in-hoogte-verstelbare-verlagingsveren-g80-m3-xdrive-20-45-0-30-mm,review,0.64,1,
/Cobra-Verlagingsveren-X5M-F85,Cobra Verlagingsveren X5M F85,cobra-verlagingsveren-e12,review,0.4,1,
"/Cobra-Verlagingsveren-X5-G05-30d,40d","Cobra Verlagingsveren X5 G05 30d, 40d",cobra-suspension-verlagingsveren-x5-g05-30d40d-4545mm,review,0.55,1,
"/BMW-embleem-50-jaar-m-G22,G23,G26,G82,G83","BMW embleem '50 jaar BMW M' 82mm (4-Serie G22,G23,G26,G82,G83)",bmw-embleem-50-jaar-bmw-m-o-82mm-4,review,0.5,1,
/Grille-mat-zwart-G20-G21,Grille mat zwart,grille-mat-zwart-e30,review,0.75,1,
/Eventuri-Performance-Intake-Plastic-Carbon-Scoop-MINI-F5x,Eventuri Performance Intake (Plastic Intake Carbon Scoop) | MINI F5x Cooper S/JCW,eventuri-performance-intake-plastic-intake-carbon-scoop-mini-f5x-cooper-sjcw,review,0.92,1,
/Cobra-Verlagingsveren-G26-M50-xDrive,Cobra Verlagingsveren G26 M50 xDrive,cobra-suspension-verlagingsveren-g26-m50-xdrive-250-25mm,review,0.5,1,
/Diffuser-GTR-F10/F11,,diffuser-performance-look-f10f11,review,0.43,1,
/Frontlip-BMW-M3-M4,,splitters-carbon-bmw-m3-f80-m4-f82f83,none,0.3,1,
/Splitters-carbon-BMW-M3-M4,,splitters-carbon-bmw-m3-f80-m4-f82f83,review,0.56,1,
/bmw-1-serie-e8x-verchroomde-grill-vanaf-2007.html,,bmw-1-serie-sleutelhanger,none,0.33,0,
/bmw-1-serie-e8x-verchroomde-grill-e81-e87.html,,bmw-verchroomde-grille-e81e87e87lci,none,0.36,0,
/bmw-m-leder-schakelknop-bmw-e87,,bmw-m-leder-sportschakelknop-e87,review,0.67,0,
/bmw-e36-m-voorbumper-grill,,m-technic-voorbumper-grill-e36,review,0.67,0,
/Leder-mat-Chroom-M-schakelknop,,leder-mat-chroom-m-schakelknop-6-versn,review,0.71,0,
/E46-Coupe-chrome-grille,,grille-chroom-e46-coupe-cabrio-032003,none,0.33,0,
/bmw-keuzehendel-matchroom,,bmw-keuzehendel-titan-chroom,review,0.4,0,
/bmw-mattenbevestiging-zwart,,bmw-sleuteletui-zwart,review,0.5,0,
/bmw-stuur-afdekking-sierranden-verchroomd-e8x.html,,bmw-stuur-afdekking-zwart-met-verchroomde-sierranden-e8x,review,0.56,0,
/bmw-e36-leder-schakelknop,,bmw-schakelknop-leder-5-gang,review,0.5,0,
/bmw-z3-leder-pookhoes,,walk-nappa-leder-pookhoes-z3,review,0.5,0,
/bmw-m-performance-uitlaatsierstuk-f32-f33.html,,bmw-m-performance-uitlaatsierstuk-chroom-f32f33-420d,review,0.67,0,
/bmw-f32-2x-76mm-428i-eisenmann,,eisenmann-2x76mm-bmw-f32-428i,review,0.57,0,
/bmw-f32-4x-76mm-428i-eisenmann,,eisenmann-2x76mm-bmw-f32-428i,review,0.57,0,
/Zwart-chroom-Uitlaatsierstukken-E82-E88-135i,,uitlaatsierstukken-black-chroom-e82e88-135i,review,0.62,0,
/Uitlaatsierstuk-mattchrome-bmw-e81-e82-e87lci-e88,,bmw-ruitenwissers-e81e82e87e87lcie88,review,0.5,0,
/bmw-motorkap-rubbers,,bmw-x5-sleutelhanger,none,0.2,0,
/Mattchrome-uitlaatsierstukken-bmw-Z4-2.5i-2.5si-3.0si,,mat-chroom-uitlaatsierstukken-z4-25i25si30si,review,0.58,0,
/B525400831-Eisenmann-2x-83mm-E60-E61-520i-523i-525i-530i,,eisenmann-4x76mm-e60e61-520i-523i-525i-530i,review,0.58,0,
/B525400831-Eisenmann-4x-76mm-E60-E61-520i-523i-525i-530i,,eisenmann-4x76mm-e60e61-520i-523i-525i-530i,review,0.58,0,
/B52660076-Eisenmann-2x-76mm-E61-530i,,eisenmann-2x76mm-e61-touring-530i,none,0.38,0,
/B526600831-Eisenmann-2x-83mm-E61-530i,,eisenmann-2x76mm-e61-touring-530i,none,0.38,0,
"/B525600760-Eisenmann-2x-76mm-E60-E61-540i,545i",,eisenmann-4x76mm-e60e61-540i545i,review,0.45,0,
"/525600831-Eisenmann-2x-83mm-E60-E61-540i,545i",,eisenmann-4x76mm-e60e61-540i545i,review,0.45,0,
"/Eisenmann-4x-76mm-E60-E61-540i,545i",,eisenmann-4x76mm-e60e61-540i545i,review,0.5,0,
/B525000760-Eisenmann-2x-76mm-E60-E61-550i,,eisenmann-2x76mm-e60e61-550i,review,0.44,0,
/B525000831-Eisenmann-2x-83mm-E60-E61-550i,,eisenmann-2x76mm-e60e61-550i,review,0.44,0,
/B525002320-Eisenmann-4x-76mm-E60-550i,,eisenmann-4x76mm-e60-sedan-550i,none,0.38,0,
/B525800831-Eisenmann-4x-83mm-E60-sedan-m5,,eisenmann-4x83mm-e60-sedan-m5,review,0.5,0,
/B526000834-Eisenmann-4x-83mm-E61-touring-m5,,eisenmann-4x83mm-e61-touring-m5,review,0.5,0,
/B525802180-Eisenmann-4x-120-77mm-E60-sedan-m5,,eisenmann-4x83mm-e60-sedan-m5,review,0.44,0,
/B526002104-Eisenmann-4x-120-77mm-E61-touring-m5,,eisenmann-4x83mm-e61-touring-m5,review,0.44,0,
/B525500760-Eisenmann-2x-76mm-E60-E61-520d-525d-530d,,eisenmann-4x76mm-e60e61-520d-525d-530d,review,0.55,0,
/B525500831-Eisenmann-2x-83mm-E60-E61-520d-525d-530d,,eisenmann-4x76mm-e60e61-520d-525d-530d,review,0.55,0,
/B525502320-Eisenmann-4x-76mm-E60-E61-520d-525d-530d,,eisenmann-4x76mm-e60e61-520d-525d-530d,review,0.55,0,
/B525700760-Eisenmann-2x-76mm-E60-E61-535d-200kw,,eisenmann-2x76mm-e60e61-535d,review,0.4,0,
/B525700831-Eisenmann-2x-83mm-E60-E61-535d-200kw,,eisenmann-2x76mm-e60e61-535d,review,0.4,0,
/B526500760-Eisenmann-2x-76mm-E60-E61-535d-210kw,,eisenmann-2x76mm-e60e61-535d,review,0.4,0,
/B526502320-Eisenmann-2x-83mm-E60-E61-535d-210kw,,eisenmann-2x76mm-e60e61-535d,review,0.4,0,
/B530800760-eisenmann-4x-76-mm-e63-e64-645i,,eisenmann-4x83mm-e63e64-645i,review,0.4,0,
/B541200832-eisenmann-2x-83-mm-f10-sedan-523i-528i,,eisenmann-2x83mm-f10-sedan-523i-528i,review,0.5,0,
/B541300832-eisenmann-2x-83-mm-f10-touring-523i-528i,,eisenmann-2x83mm-f10-sedan-523i-528i,none,0.36,0,
/B541200834-eisenmann-4x-83-mm-f10-sedan-523i-528i,,eisenmann-2x83mm-f10-sedan-523i-528i,review,0.5,0,
/B541300834-eisenmann-4x-83-mm-f10-Touring-523i-528i,,eisenmann-2x83mm-f10-sedan-523i-528i,none,0.36,0,
"/B525101023-eisenmann-2x-102-mm-f10-f11-535i,535ix",,eisenmann-2x90mm-f10f11-535i-535ix,review,0.45,0,
"/B525100904-eisenmann-2x-90-mm-f10-f11-535i,53ix",,eisenmann-2x90mm-f10f11-535i-535ix,none,0.33,0,
/B541400904-eisenmann-2x-90-mm-f10-sedan-550i-550iX,,eisenmann-2x90mm-f10-sedan-550i-550ix,review,0.5,0,
/B541500904-eisenmann-2x-90-mm-f11-touring-550i-550iX,,eisenmann-2x90mm-f11-touring-550i-550ix,review,0.5,0,
/B541600832-eisenmann-2x-83-mm-f10-f11-520d,,eisenmann-2x83mm-f10f11-520d,review,0.4,0,
/B542300832-eisenmann-2x-83-mm-f10-f11-525d-525dx-530d-530dX,,eisenmann-2x83mm-f10f11-525d525dx530d530dx,review,0.5,0,
"/B541801023-eisenmann-2x-102-mm-f10-f11-535d,535dx",,eisenmann-2x90mm-f10f11-535d-535dx,review,0.45,0,
"/B541800904-eisenmann-2x-90-mm-f10-f11-535d,535dx",,eisenmann-2x90mm-f10f11-535d-535dx,review,0.45,0,
/B530800831-eisenmann-4x-83-mm-e63-e64-645i,,eisenmann-4x83mm-e63e64-645i,review,0.4,0,
/B532900764-eisenmann-4x-76-mm-e63-e64-650i,,eisenmann-4x76mm-e63e64-650i,review,0.4,0,
/B532900834-eisenmann-4x-83-mm-e63-e64-650i,,eisenmann-4x76mm-e63e64-650i,review,0.4,0,
/B531100831-eisenmann-4x-83-mm-e63-e64-m6,,eisenmann-4x83mm-e63e64-m6,review,0.4,0,
/B531102180-eisenmann-4x-120x77mm-e63-e64-m6,,eisenmann-120x77mm-e63e64-m6,review,0.62,0,
/B542900904-eisenmann-4x-90mm-f12-f13-640i,,eisenmann-4x90mm-f12f13-640i,review,0.44,0,
/B542400904-eisenmann-4x-90mm-f12-f13-650i,,eisenmann-4x90mm-f12f13-650i,review,0.44,0,
/B521400760-eisenmann-2x-76-mm-z3-2.0-2.8,,eisenmann-2x76mm-z3-20-28,review,0.42,0,
/B521402420-eisenmann-4x-76-mm-z3-2.0-2.8,,eisenmann-2x76mm-z3-20-28,review,0.42,0,
/B531000760-eisenmann-2x-76-mm-z3-2.0-2.8,,eisenmann-2x76mm-z3-20-28,review,0.42,0,
/B531002420-eisenmann-4x-76-mm-z3-2.0-2.8,,eisenmann-2x76mm-z3-20-28,review,0.42,0,
/B526102420-eisenmann-4x-76-mm-z3-2.2i-3.0i,,eisenmann-2x76mm-z3-22i-30i,review,0.46,0,
/B526102420-eisenmann-4x-76-mm-z3m,,eisenmann-4x76mm-z3m,none,0.29,0,
/B521500831-eisenmann-4x-83-mm-z3m,,eisenmann-4x76mm-z3m,none,0.29,0,
/B543400762-eisenmann-2x-76mm-bmw-E89-sDrive20i0sDrive28i,,eisenmann-2x90mm-bmw-f23-m235i,none,0.2,0,
/B5269.00762-eisenmann-2x-76mm-bmw-E89-sDrive23i-sDrive30i,,eisenmann-2x76mm-z4-e89-sdrive23i-sdrive30i,none,0.36,0,
/B527000902-eisenmann-2x-90mm-bmw-E89-sDrive35i,,eisenmann-2x90mm-z4-e89-sdrive35i,none,0.33,0,
/B527000764-eisenmann-4x-76mm-bmw-E89-sDrive35i,,eisenmann-2x90mm-z4-e89-sdrive35i,none,0.33,0,
/B531600760-eisenmann-2x-76mm-bmw-x3-e83-3.0i,,eisenmann-2x76mm-x3-e83-30i,review,0.45,0,
/B531700760-eisenmann-2x-76mm-bmw-x3-e83-3.0d,,eisenmann-2x76mm-x3-e83-30d,review,0.45,0,
/B534600804-eisenmann-4x-80mm-bmw-x5-e70-3.0si,,eisenmann-4x80mm-x5-e70-30si,review,0.45,0,
/B534501202-eisenmann-2x-120mm-bmw-x5-e70-3.0si,,eisenmann-4x80mm-x5-e70-30si,review,0.45,0,
/B534700804-eisenmann-4x-80mm-bmw-x5-e70-3.0d,,eisenmann-4x80mm-x5-e70-30d,review,0.45,0,
/B534701202-eisenmann-2x-120mm-bmw-x5-e70-3.0d,,eisenmann-4x80mm-x5-e70-30d,review,0.45,0,
/B5348008-eisenmann-4x-80mm-bmw-x5-e70-3.0d,,eisenmann-4x80mm-x5-e70-30d,review,0.45,0,
/B534801202-eisenmann-2x-120mm-bmw-x5-e70-3.0d,,eisenmann-4x80mm-x5-e70-30d,review,0.45,0,
/B534501202-eisenmann-2x-120mm-bmw-x5-e70-4.8i,,eisenmann-2x120mm-x5-e70-48i,review,0.45,0,
/B540800834-eisenmann-4x-83mm-bmw-e70-x5m,,eisenmann-4x90mm-e70-x5m,none,0.38,0,
/B540800904-eisenmann-4x-90mm-bmw-e70-x5m,,eisenmann-4x90mm-e70-x5m,none,0.38,0,
/Zwart-chrome-uitlaatsierstukken-bmw-E90LCI-E91LCI,,zwart-chrome-uitlaatsierstukken-e90lcie91lci,review,0.71,0,
/HR-verlagingsveren-28896-2-bmw-f20-f21-118d-120d-xDrive,,hr-verlagingsveren-low-version-f20f21,none,0.27,0,
/HR-Verlagingsveren-Low-Version-F20/F21-118d-120d-xDrive,,hr-verlagingsveren-low-version-f20f21,review,0.5,0,
/HR-verlagingsveren-28835-1-bmw-f20-f21-m135i,,hr-verlagingsveren-f20f21-m135i-m140i,review,0.42,0,
/HR-verlagingsveren-28896-1-bmw-f22,,hr-verlagingsveren-f22,none,0.38,0,
/HR-verlagingsveren-28896-2-bmw-f22-m235i,,hr-verlagingsveren-f22-m235i,review,0.44,0,
/HR-verlagingsveren-low-version-28891-2-bmw-f22-m235i,,hr-verlagingsveren-low-version-f22-m235i,review,0.55,0,
/bmw-stuurwiel-afdekking-zwart-Chroom-pearlg,,bmw-stuurwiel-afdekking-zwartchroom,review,0.71,0,
/BMW-Performance-E71-E72-Grille-zwart,,performance-grille-zwart-e70,review,0.43,0,
/Uitlaatsierstuk-mattchrome-bmw-X1-E84-diesel,,uitlaatsierstuk-mattchrome-e82-120i-e88-118i-120i-x1-e84-18i,none,0.36,0,
/bmw-f45-active-tourer-velours-mattenset,,bmw-f45-velours-mattenset,review,0.67,0,
/bmw-f45-active-tourer-allweather-mattenset,,bmw-f45-allweather-mattenset,review,0.67,0,
/bmw-uitlaatstukken-verchroomd-x4-f26,,bmw-uitlaatsierstukken-verchroomd-x4-f26-28ix35ix30dx35dx,none,0.36,0,
/bmw-lederen-matt-chrome-schakelknop,,bmw-leder-matt-chrome-schakelknop-e46e39z3,review,0.4,0,
/kw-suspension-variant-1-bmw-1-serie-e81,,kw-variant-1-bmw-1-serie-e82-coupe,review,0.56,0,
/kw-suspension-variant-1-bmw-1-serie-e87,,kw-variant-1-bmw-1-serie-e82-coupe,review,0.56,0,
/kw-suspension-variant-1-bmw-1-serie-f20-f21-electronische-demperregeling,,kw-variant-1-bmw-1-serie-f20f21-met-edc,review,0.54,0,
/kw-suspension-variant-1-bmw-1-serie-f20-f21-elect-demperregeling,,kw-variant-1-bmw-1-serie-f20f21-met-edc,review,0.54,0,
/kw-suspension-variant-1-bmw-1-serie-f20-f21-,,kw-variant-1-bmw-1-serie-f20f21-met-edc,review,0.64,0,
/kw-suspension-variant-1-bmw-3-serie-e36-cabrio,,kw-variant-1-bmw-3-serie-e36-sedan,review,0.7,0,
/kw-suspension-variant-1-bmw-3-serie-e36-coupe,,kw-variant-1-bmw-3-serie-e36-sedan,review,0.7,0,
/kw-suspension-variant-1-bmw-3-serie-e36-coupe-,,kw-variant-1-bmw-3-serie-e36-sedan,review,0.7,0,
/bmw-automatten-velours-e90-sedan-e91-touring-xdrive.html,,bmw-mattenset-velours-e46-sedantouringcoupecompact,none,0.31,0,
/bmw-mattenset-velours-7-serie-f01-f04,,bmw-mattenset-velours-f01f04,review,0.62,0,
/bmw-mattenset-velours-1-serie-e81-e82.html,,velours-mattenset-bmw-1-2-serie-f70f74,review,0.45,0,
/bmw-mattenset-velours-1-serie-e87.html,,velours-mattenset-bmw-1-2-serie-f70f74,review,0.5,0,
/bmw-mattenset-velours-3-serie-e92-coupe.html,,ap-suspension-bmw-3-serie-e92-coupe,review,0.56,0,
/bmw-mattenset-velours-6-serie-e63-coupe.html,,bmw-mattenset-velours-e63e63lci-coupe,review,0.56,0,
/bmw-mattenset-velours-6-serie-e64-cabrio.html,,bmw-mattenset-velours-e64e64lci-cabrio,review,0.56,0,
/bmw-mattenset-velours-5-serie-f10lci-f11lci.html,,bmw-mattenset-velours-f10lcif11lci,review,0.62,0,
/bmw-mattenset-allweather-3serie-e46-sedan-touring-coupe-compact.html,,bmw-mattenset-voorzijde-allweather-e46-sedantouringcoupecompact,review,0.73,0,
/bmw-mattenset-allweather-3serie-e90-e91-e92-e93.html,,bmw-mattenset-voorzijde-allweather-e90e91e92e93,review,0.7,0,
/bmw-schakelknop-plastic-6gang-e87.html,,bmw-schakelknop-verchroomd,none,0.33,0,
/bmw-schakelknop-5gang-e87.html,,bmw-schakelknop-verchroomd,review,0.4,0,
/bmw-schakelknop-leder-5gang-e36.html,,bmw-schakelknop-leder-5-gang,review,0.43,0,
/bmw-leder-schakelknop-e60-e61.html,,bmw-schakelknop-leder-5-gang,review,0.43,0,
/bmw-m-diffusor-e90-e91-tot-2008.html,,bmw-m-diffuser-e90e91,review,0.44,0,
/bmw-stuur-afdekking-parelglans-chroom-e60lci-e61lci.html,,bmw-stuurafdekking-parelglans-chroom-e60lcie61lci,review,0.56,0,
/bmw-stuur-afdekking-met-chroomdetails-e92-e93.html,,bmw-stuurafdekking-zwart-met-chroomdetails-e92e93,review,0.5,0,
/bmw-stuur-afdekking-parelglans-chroom-e60-e61.html,,bmw-stuurafdekking-parelglans-chroom-e60e61,review,0.56,0,
/eisenmann-4x83mm-bmw-z4m-e85-roadster.html,,eisenmann-4x83mm-bmw-z4m-e86-coupe,review,0.5,0,
/eisenmann-2x70mm-bmw-e90-316i-318i-320i.html,,eisenmann-2x70mm-bmw-e91-316i318i320i,review,0.67,0,
/eisenmann-2x70mm-bmw-e91-316i-318i-320i.html,,eisenmann-2x70mm-bmw-e91-316i318i320i,review,0.88,0,
/eisenmann-2x76mm-bmw-e90-316i-318i-320i.html,,eisenmann-2x76mm-bmw-e91-316i318i320i,review,0.67,0,
/eisenmann-2x76mm-bmw-e91-316i-318i-320i.html,,eisenmann-2x76mm-bmw-e91-316i318i320i,review,0.88,0,
/eisenmann-2x70mm-bmw-e91-touring-316i-318i-320i.html,,eisenmann-2x70mm-bmw-e91-316i318i320i,review,0.78,0,
/eisenmann-2x76mm-bmw-e90-sedan-316i-318i-320i.html,,eisenmann-2x76mm-bmw-e91-316i318i320i,review,0.6,0,
/eisenmann-2x76mm-bmw-e91-touring-316i-318i-320i.html,,eisenmann-2x76mm-bmw-e91-316i318i320i,review,0.78,0,
/eisenmann-2x70mm-bmw-e90-330i.html,,eisenmann-2x70mm-bmw-e92-330i,review,0.67,0,
/eisenmann-2x76mm-bmw-e90-330i.html,,eisenmann-2x76mm-bmw-e93-330i,review,0.67,0,
/eisenmann-2x76mm-bmw-e91-335i.html,,eisenmann-2x76mm-bmw-e91-330i,review,0.67,0,
/eisenmann-2x76mm-bmw-e90-335i.html,,eisenmann-4x76mm-bmw-e90-335i,review,0.67,0,
/eisenmann-2x70mm-bmw-e90-318d-320d.html,,eisenmann-2x70mm-bmw-e91-318d320d,review,0.62,0,
/eisenmann-2x76mm-bmw-e90-318d-320d.html,,eisenmann-2x76mm-bmw-e91-318d320d,review,0.62,0,
/eisenmann-2x70mm-bmw-e90-325d-330d.html,,eisenmann-2x70mm-bmw-e91-325d330d,review,0.62,0,
/eisenmann-2x76mm-bmw-e90-325d-330d.html,,eisenmann-2x76mm-bmw-e91-325d330d,review,0.62,0,
/Eisenmann-2x90mm-bmw-e90-335d.html,,eisenmann-2x90mm-bmw-e91-335d,review,0.67,0,
/eisenmann-2x76mm-bmw-e90-335d.html,,eisenmann-2x76mm-bmw-e90-323i325i328i,review,0.44,0,
/eisenmann-2x76mm-bmw-e91-335d.html,,eisenmann-2x90mm-bmw-e91-335d,review,0.67,0,
/eisenmann-2x83mm-bmw-e90-m3.html,,eisenmann-4x83mm-bmw-e90-m3,review,0.67,0,
/eisenmann-2x70mm-bmw-e92-318i-320i.html,,eisenmann-2x70mm-bmw-e93-318i320i,review,0.62,0,
/eisenmann-2x70mm-bmw-e93-318i-320i.html,,eisenmann-2x70mm-bmw-e93-318i320i,review,0.86,0,
/eisenmann-2x76mm-bmw-e92-318i-320i.html,,eisenmann-2x76mm-bmw-e93-318i320i,review,0.62,0,
/eisenmann-2x76mm-bmw-e93-318i-320i.html,,eisenmann-2x76mm-bmw-e93-318i320i,review,0.86,0,
/eisenmann-2x70mm-bmw-e92-320i.html,,eisenmann-2x70mm-bmw-e92-330i,review,0.67,0,
/eisenmann-2x70mm-bmw-e93-323i-325i-328i.html,,eisenmann-2x70mm-bmw-e92-323i325i328i,review,0.67,0,
/eisenmann-2x76mm-bmw-e93-323i-325i-328i.html,,eisenmann-2x76mm-bmw-e92-323i325i328i,review,0.67,0,
/eisenmann-2x76mm-bmw-e92-330i.html,,eisenmann-2x76mm-bmw-e93-330i,review,0.67,0,
/eisenmann-2x70mm-bmw-e93-330i.html,,eisenmann-2x76mm-bmw-e93-330i,review,0.67,0,
/eisenmann-2x76mm-bmw-f30-320i.html,,eisenmann-2x76mm-bmw-e93-320i,review,0.67,0,
/eisenmann-2x76mm-bmw-f31-320i.html,,eisenmann-2x76mm-bmw-f31-328i,review,0.67,0,
/eisenmann-2x76mm-bmw-f30-328i.html,,eisenmann-2x76mm-bmw-f31-328i,review,0.67,0,
/eisenmann-2x90mm-bmw-f30-335i.html,,eisenmann-2x90mm-bmw-f31-335i,review,0.67,0,
/eisenmann-2x76mm-bmw-f30-316d-318d-320d-320ed.html,,eisenmann-2x76mm-bmw-e91-318d320d,review,0.5,0,
/eisenmann-2x76mm-bmw-f31-316d-318d-320d-320ed.html,,eisenmann-2x76mm-bmw-e91-318d320d,review,0.5,0,
/eisenmann-2x76mm-bmw-f30-330d.html,,eisenmann-2x76mm-bmw-e91-325d330d,review,0.5,0,
/eisenmann-2x76mm-bmw-f33-420i.html,,eisenmann-2x76mm-bmw-f32-420i,review,0.67,0,
/eisenmann-2x76mm-bmw-f32-430d.html,,eisenmann-2x76mm-bmw-f32-420i,review,0.67,0,
/bmw-uitlaatsierstuk-chroom-f20-f21-114d-114i-116d-116i-118d-118i-120d.html,,supersprint-bmw-f20f21-114i116i118i120i,none,0.38,0,
/bmw-m-schakelknop-f20-f21.html,,bmw-m-schakelknop-f20f20lcif21f21lcif22f23,review,0.5,0,
/eisenmann-2x76mm-bmw-e39-sedan-m-520i-523i-525i-528i-530i.html,,eisenmann-2x76mm-bmw-e39-sedan-520i523i525i528i530i,review,0.83,0,
/eisenmann-2x83mm-bmw-e39-sedan-535i-540i.html,,eisenmann-2x83mm-bmw-e39-sedan-535i540i,review,0.88,0,
/eisenmann-2x76mm-bmw-e39-sedan-m-535i-540i.html,,eisenmann-2x76mm-bmw-e39-sedan-535i540i,review,0.78,0,
/eisenmann-2x83mm-bmw-e39-sedan-m-535i-540i.html,,eisenmann-2x83mm-bmw-e39-sedan-535i540i,review,0.78,0,
/eisenmann-2x83mm-bmw-e39-sedan-m-525d-530d.html,,eisenmann-2x83mm-bmw-e39-sedan-525d-530d,review,0.88,0,
/bmw-basisdrager-f20-f21.html,,bmw-basisdrager-f20f20lcif21f21lci,review,0.57,0,
/bmw-basisdrager-f45-active-tourer.html,,m-performance-grille-zwart-f45-active-tourer,none,0.33,0,
/bmw-basisdrager-f10.html,,bmw-basisdrager-f10f10lci,review,0.6,0,
/bmw-basisdrager-f11.html,,bmw-basisdrager-g31,review,0.5,0,
/bmw-ruitenwissers-1serie-e81-e82-e87-e88.html,,bmw-ruitenwissers-e81e82e87e87lcie88,review,0.67,0,
/bmw-ruitenwissers-2serie-f45-f46.html,,bmw-rokerspakket-f45f46,review,0.43,0,
/bmw-ruitenwissers-3serie-e92-e93.html,,bmw-ruitenwissers-e92e92lcie93e93lci,review,0.5,0,
/bmw-ruitenwissers-5serie-f10-f11.html,,bmw-ruitenwissers-f10f10lcif11f11lci,review,0.5,0,
/bmw-m-performance-grille-f80-m3.html,,m-performance-grille-f80f80lci-m3,review,0.62,0,
/bmw-brillenbak-e46.html,,bmw-brillenvak-e46,review,0.5,0,
/bmw-mattenset-velours-1serie-e82.html,,bmw-mattenset-velours-f36,review,0.5,0,
/bmw-m-notitieboek.html,,bmw-sleuteletui-m-performance,review,0.4,0,
/bmw-impregneermiddel-cabriokap.html,,mini-cabriokap-impregneermiddel,review,0.5,0,
/bmw-autoshampoo.html,,autoshampoo,review,0.5,0,
/bmw-laksprayset.html,,bmw-x5-sleutelhanger,none,0.25,0,
/bmw-reiniger-matte-lak.html,,reiniger-voor-matte-lak,review,0.6,0,
/bmw-applicatieset-matte-lak.html,,applicatieset-voor-matte-lak,review,0.6,0,
/bmw-onderhoudsset-winter.hmt,,onderhoudsset-winter,review,0.5,0,
/bmw-insectenspons.html,,insectenspons,review,0.5,0,
/bmw-velgenborstels.html,,velgenborstels,review,0.5,0,
/bmw-ijskrabber.html,,ijskrabber,review,0.5,0,
/bmw-ruitontdooier.html,,ruitontdooier,review,0.5,0,
/bmw-ruitenreiniger.html,,ruitenreiniger,review,0.5,0,
/bmw-insectenverwijderaar.html,,insectenverwijderaar,review,0.5,0,
/bmw-purecare-set.html,,purecare-set,review,0.67,0,
/bmw-usb-oplader.html,,usb-oplader,review,0.67,0,
/bmw-m-performance-grille-zwart-f87-m2.html,,m-performance-grille-f87-m2,review,0.71,0,
/Eibach-Sportline-BMW-F21-114i-116i-118i,,eibach-sportline-bmw-e81-116i118i120i,review,0.5,0,
/Eibach-Sportline-BMW-F22-218d-220d-225d,,eibach-sportline-bmw-e81-130i,none,0.33,0,
/Webwinkel-Product-175164725/Eibach-Sportline-BMW-F22-218i220i228i.html,,eibach-sportline-bmw-e81-130i,review,0.43,0,
/Eibach-Sportline-BMW-F23-220d,,eibach-anti-roll-kit-bmw-f23-220d,review,0.5,0,
/Eibach-Sportline-BMW-F23-218i-220i-228i,,bilstein-b12-sportline-f23-218i220i228i,review,0.5,0,
/eibach-sportline-f32-coupe-418d-420d-425d.html,,bilstein-b12-sportline-f32-coupe-418d,review,0.44,0,
/Webwinkel-Product-175164755/Eibach-Sportline-BMW-F30-Sedan-316i318i320i.html,,eibach-pro-kit-bmw-f30-sedan-activehybrid,review,0.44,0,
/Webwinkel-Product-175164759/Eibach-Sportline-BMW-F30-Sedan-325d.html,,eibach-anti-roll-kit-bmw-f30-sedan-325d330d,review,0.45,0,
/Webwinkel-Product-175164769/Eibach-Sportline-BMW-F30-Sedan-328i330i.html,,eibach-pro-kit-bmw-f30-sedan-328i330i,review,0.5,0,
/eibach-sportline-f34-gran-tourismo-318d-320d.html,,bilstein-b12-sportline-e46-touring-318d320d,none,0.25,0,
/Webwinkel-Product-175164783/Eibach-Sportline-BMW-F31-Touring-316i318i320i.html,,eibach-sportline-bmw-e91-touring-325i330i,review,0.4,0,
/Webwinkel-Product-175164787/Eibach-Sportline-BMW-F31-Touring-325d.html,,eibach-pro-kit-bmw-f31-touring-325d330d,review,0.5,0,
/Webwinkel-Product-175164793/Eibach-Sportline-BMW-F31-Touring-328i330i.html,,eibach-pro-kit-bmw-f31-touring-328i330i,review,0.5,0,
/Webwinkel-Product-175164799/Eibach-Sportline-BMW-F32-418d420d425d.html,,eibach-sportline-bmw-f32-420i428i,review,0.5,0,
/Webwinkel-Product-175164819/Eibach-Sportline-BMW-F34-GT-318d320d.html,,eibach-sportline-bmw-f34-gt-320i328i,review,0.56,0,
/eibach-sportline-e46-coupe-316ci-318ci.html,,eibach-pro-kit-bmw-e46-coupe-m3,none,0.3,0,
/eibach-sportline-e46-coupe-320ci-323ci-325ci-328ci-330ci.html,,eibach-pro-kit-bmw-e46-coupe-m3,none,0.23,0,
/Eibach-Sportline-BMW-E46-Sedan-318d-320d,,eibach-sportline-bmw-e46-sedan-316i318i,review,0.5,0,
/eibach-sportline-e46-touring-316i-318i.html,,bilstein-b12-sportline-e46-touring-316i318i,review,0.56,0,
/Webwinkel-Product-175164891/Eibach-Sportline-BMW-E46-Touring-318d320d.html,,eibach-pro-kit-bmw-e46-touring-318d320d,review,0.5,0,
/eibach-sportline-bmw-e60-sedan-520d.html,,eibach-sportline-bmw-e60-sedan-540i545i550i,review,0.5,0,
/eibach-sportline-bmw-e60-sedan-525d-530d-535d.html,,eibach-pro-kit-bmw-e60-sedan-525d530d535d,review,0.64,0,
/eibach-sportline-e87-116i-118i-120i.html,,bilstein-b12-sportline-e87-116i118i120i,review,0.56,0,
/eibach-sportline-bmw-e81-118d-120d-123d.html,,eibach-sportline-bmw-e81-130i,review,0.5,0,
/Eibach-Sportline-BMW-E87-118d-120d-123d,,eibach-sportline-bmw-f21-120d125d,review,0.4,0,
/Eibach-Sportline-BMW-E87-130i,,eibach-sportline-bmw-e81-130i,review,0.67,0,
/eibach-sportline-e90-sedan-316d-318d-320d.html,,cobra-verlagingsveren-e90-sedan-325i330i-316d318d320d,none,0.38,0,
/eibach-sportline-e91-touring-316d-318d-320d.html,,bilstein-b12-sportline-e91-touring-316d318d320d,review,0.6,0,
/eibach-pro-street-s-bmw-4serie-f36-gran-coupe-420d-425d.html,,bilstein-b12-pro-kit-f36-gran-coupe-420d425d,review,0.4,0,
/eibach-pro-street-s-bmw-f36-gran-coupe-420d-425d.html,,bilstein-b12-pro-kit-f36-gran-coupe-420d425d,review,0.43,0,
/Webwinkel-Product-175165303/Eibach-Pro-Street-S-F36-Gran-Coupe-418i.html,,eibach-pro-street-s-e46-coupe-m3,review,0.5,0,
/Webwinkel-Product-175165305/Eibach-Pro-Street-S-F36-Gran-Coupe-420d425d.html,,eibach-pro-street-s-e46-coupe-m3,review,0.5,0,
/Webwinkel-Product-175165307/Eibach-Pro-Street-S-F36-Gran-Coupe-420d425d.html,,eibach-pro-street-s-e46-coupe-m3,review,0.5,0,
/Webwinkel-Product-175165309/Eibach-Pro-Street-S-F36-Gran-Coupe-420i428i430i.html,,eibach-pro-street-s-e46-coupe-m3,review,0.5,0,
/eibach-pro-street-s-bmw-f36-gran-coupe-430d.html,,eibach-pro-street-s-e46-coupe-m3,review,0.45,0,
/eibach-pro-street-s-bmw-4serie-f36-gran-coupe-430d.html,,eibach-pro-street-s-e46-coupe-m3,review,0.42,0,
/Webwinkel-Product-175165335/Eibach-Pro-Street-S-F36-Gran-Coupe-435i.html,,eibach-pro-street-s-e46-coupe-m3,review,0.5,0,
/Webwinkel-Product-175165339/Eibach-Pro-Street-S-F36-Gran-Coupe-435i.html,,eibach-pro-street-s-e46-coupe-m3,review,0.5,0,
/Webwinkel-Product-175165347/Eibach-Pro-Street-S-F36-Gran-Coupe-440i.html,,eibach-pro-street-s-e46-coupe-m3,review,0.5,0,
/Webwinkel-Product-175165351/Eibach-Pro-Street-S-F36-Gran-Coupe-440i.html,,eibach-pro-street-s-e46-coupe-m3,review,0.5,0,
"/Eibach-Pro-Street-S-Z4-E89-sDrive23i,sDrive28i,sDrive30i",,eibach-pro-kit-bmw-z4-e89-roadster-sdrive28i-sdrive30i,review,0.5,0,
/eibach-sportline-bmw-e39-sedan-520d-525td-525tds.html,,bilstein-b12-sportline-e39-sedan-525td525tds,review,0.45,0,
/eibach-pro-street-s-bmw-4serie-f32-coupe-435i.html,,eibach-pro-kit-bmw-f32-435i-xdrive,review,0.45,0,
/Webwinkel-Product-175165397/Eibach-Pro-Street-S-F33-Cabrio-420d425d.html,,eibach-pro-street-s-e93-cabrio-320i323i,review,0.45,0,
/Webwinkel-Product-175165403/Eibach-Pro-Street-S-F33-Cabrio-420d425d.html,,eibach-pro-street-s-e93-cabrio-320i323i,review,0.45,0,
/Webwinkel-Product-175165405/Eibach-Pro-Street-S-F33-Cabrio-420i428i430i.html,,eibach-pro-street-s-e93-cabrio-320i323i,review,0.45,0,
/Webwinkel-Product-175165407/Eibach-Pro-Street-S-F33-Cabrio-420i428i430i.html,,eibach-pro-street-s-e93-cabrio-320i323i,review,0.45,0,
/Webwinkel-Product-175165411/Eibach-Pro-Street-S-F33-Cabrio-430d.html,,eibach-pro-street-s-e93-cabrio-320i323i,review,0.45,0,
/Webwinkel-Product-175165419/Eibach-Pro-Street-S-F33-Cabrio-430d.html,,eibach-pro-street-s-e93-cabrio-320i323i,review,0.45,0,
/Webwinkel-Product-175165423/Eibach-Pro-Street-S-F33-Cabrio-435i.html,,eibach-pro-street-s-e93-cabrio-320i323i,review,0.45,0,
/Webwinkel-Product-175165427/Eibach-Pro-Street-S-F33-Cabrio-435i.html,,eibach-pro-street-s-e93-cabrio-320i323i,review,0.45,0,
/Webwinkel-Product-175165453/Eibach-Pro-Street-S-F33-Cabrio-440i.html,,eibach-pro-street-s-e93-cabrio-320i323i,review,0.45,0,
/Webwinkel-Product-175165457/Eibach-Pro-Street-S-F33-Cabrio-440i.html,,eibach-pro-street-s-e93-cabrio-320i323i,review,0.45,0,
/Webwinkel-Product-175165465/Eibach-Pro-Street-S-F36-Gran-Coupe-418d.html,,eibach-pro-street-s-e46-coupe-m3,review,0.5,0,
/eibach-pro-street-s-bmw-f32-coupe-420d-425d.html,,eibach-pro-street-s-e46-coupe-m3,review,0.45,0,
/eibach-pro-street-s-bmw-4serie-f32-coupe-420d-425d.html,,eibach-pro-street-s-e46-coupe-m3,review,0.42,0,
/Webwinkel-Product-175165487/Eibach-Pro-Street-S-F32-Coupe-420d425d.html,,eibach-pro-street-s-e46-coupe-m3,review,0.56,0,
/Webwinkel-Product-175165491/Eibach-Pro-Street-S-F32-Coupe-420d425d.html,,eibach-pro-street-s-e46-coupe-m3,review,0.56,0,
/Webwinkel-Product-175165495/Eibach-Pro-Street-S-F32-Coupe-420i428i430i.html,,eibach-pro-street-s-e46-coupe-m3,review,0.56,0,
/Webwinkel-Product-175165501/Eibach-Pro-Street-S-F32-Coupe-420i428i430i.html,,eibach-pro-street-s-e46-coupe-m3,review,0.56,0,
/eibach-pro-street-s-bmw-f32-coupe-430d.html,,eibach-pro-street-s-e46-coupe-m3,review,0.5,0,
/Webwinkel-Product-175165515/Eibach-Pro-Street-S-F32-Coupe-430d.html,,eibach-pro-street-s-e46-coupe-m3,review,0.56,0,
/Webwinkel-Product-175165519/Eibach-Pro-Street-S-F32-Coupe-435i.html,,eibach-pro-street-s-e46-coupe-m3,review,0.56,0,
/Webwinkel-Product-175165527/Eibach-Pro-Street-S-F32-Coupe-435i.html,,eibach-pro-street-s-e46-coupe-m3,review,0.56,0,
/Webwinkel-Product-175165531/Eibach-Pro-Street-S-F32-Coupe-440i.html,,eibach-pro-street-s-e46-coupe-m3,review,0.56,0,
/Webwinkel-Product-175165537/Eibach-Pro-Street-S-F31-Touring-316d318d320d.html,,eibach-pro-street-s-f31-touring-325d,review,0.75,0,
/Webwinkel-Product-175165541/Eibach-Pro-Street-S-F31-Touring-316d318d320d.html,,eibach-pro-street-s-f31-touring-325d,review,0.75,0,
/Webwinkel-Product-175165543/Eibach-Pro-Street-S-F31-Touring-316d318d.html,,eibach-pro-street-s-f31-touring-325d,review,0.75,0,
/Webwinkel-Product-175165549/Eibach-Pro-Street-S-F31-Touring-316d318d.html,,eibach-pro-street-s-f31-touring-325d,review,0.75,0,
/Webwinkel-Product-175165553/Eibach-Pro-Street-S-F31-Touring-316i318i.html,,eibach-pro-street-s-f31-touring-325d,review,0.75,0,
/Webwinkel-Product-175165555/Eibach-Pro-Street-S-F31-Touring-316i318i.html,,eibach-pro-street-s-f31-touring-325d,review,0.75,0,
/Webwinkel-Product-175165559/Eibach-Pro-Street-S-F31-Touring-316i.html,,eibach-pro-street-s-f31-touring-325d,review,0.75,0,
/Webwinkel-Product-175165567/Eibach-Pro-Street-S-F31-Touring-316i.html,,eibach-pro-street-s-f31-touring-325d,review,0.75,0,
/Webwinkel-Product-175165573/Eibach-Pro-Street-S-F31-Touring-320d325d.html,,eibach-pro-street-s-f31-touring-325d,review,0.75,0,
/Webwinkel-Product-175165593/Eibach-Pro-Street-S-F31-Touring-320i328i.html,,eibach-pro-street-s-f31-touring-325d,review,0.75,0,
/Webwinkel-Product-175165601/Eibach-Pro-Street-S-F31-Touring-320i328i.html,,eibach-pro-street-s-f31-touring-325d,review,0.75,0,
/Webwinkel-Product-175165607/Eibach-Pro-Street-S-F31-Touring-325d330d.html,,eibach-pro-street-s-f31-touring-325d,review,0.75,0,
/Webwinkel-Product-175165611/Eibach-Pro-Street-S-F31-Touring-325d330d.html,,eibach-pro-street-s-f31-touring-325d,review,0.75,0,
/Webwinkel-Product-175165621/Eibach-Pro-Street-S-F31-Touring-335i.html,,eibach-pro-street-s-f31-touring-325d,review,0.75,0,
/Webwinkel-Product-175165625/Eibach-Pro-Street-S-F31-Touring-335i.html,,eibach-pro-street-s-f31-touring-325d,review,0.75,0,
/Webwinkel-Product-175165643/Eibach-Pro-Street-S-F32-Coupe-418d.html,,eibach-pro-street-s-e46-coupe-m3,review,0.56,0,
/Webwinkel-Product-175165653/Eibach-Pro-Street-S-F32-Coupe-418d.html,,eibach-pro-street-s-e46-coupe-m3,review,0.56,0,
/Webwinkel-Product-175165659/Eibach-Pro-Street-S-F22-Coupe-M235i.html,,eibach-pro-street-s-e46-coupe-m3,review,0.56,0,
/Webwinkel-Product-175165665/Eibach-Pro-Street-S-F30-Sedan-316d318d320d.html,,eibach-pro-street-s-f30-sedan-318d320d330d335d-xdrive,review,0.46,0,
/Webwinkel-Product-175165667/Eibach-Pro-Street-S-F30-Sedan-316d318d320d.html,,eibach-pro-street-s-f30-sedan-318d320d330d335d-xdrive,review,0.46,0,
/Webwinkel-Product-175165671/Eibach-Pro-Street-S-F30-Sedan-316d318d320d.html,,eibach-pro-street-s-f30-sedan-318d320d330d335d-xdrive,review,0.46,0,
/Webwinkel-Product-175165681/Eibach-Pro-Street-S-F30-Sedan-316i318i.html,,eibach-pro-street-s-f30-sedan-318d320d330d335d-xdrive,review,0.46,0,
/Webwinkel-Product-175165687/Eibach-Pro-Street-S-F30-Sedan-316i318i.html,,eibach-pro-street-s-f30-sedan-318d320d330d335d-xdrive,review,0.46,0,
/Webwinkel-Product-175165693/Eibach-Pro-Street-S-F30-Sedan-316i318i.html,,eibach-pro-street-s-f30-sedan-318d320d330d335d-xdrive,review,0.46,0,
/Webwinkel-Product-175165701/Eibach-Pro-Street-S-F30-Sedan-316i318i.html,,eibach-pro-street-s-f30-sedan-318d320d330d335d-xdrive,review,0.46,0,
/Webwinkel-Product-175165709/Eibach-Pro-Street-S-F30-Sedan-318d320d.html,,eibach-pro-street-s-f30-sedan-318d320d330d335d-xdrive,review,0.46,0,
/Webwinkel-Product-175165719/Eibach-Pro-Street-S-F30-Sedan-320i328i330i.html,,eibach-pro-street-s-f30-sedan-318d320d330d335d-xdrive,review,0.46,0,
/Webwinkel-Product-175165725/Eibach-Pro-Street-S-F30-Sedan-320i328i330i.html,,eibach-pro-street-s-f30-sedan-318d320d330d335d-xdrive,review,0.46,0,
/Webwinkel-Product-175165733/Eibach-Pro-Street-S-F30-Sedan-320i328i330i.html,,eibach-pro-street-s-f30-sedan-318d320d330d335d-xdrive,review,0.46,0,
/Webwinkel-Product-175165739/Eibach-Pro-Street-S-F30-Sedan-320i328i330i.html,,eibach-pro-street-s-f30-sedan-318d320d330d335d-xdrive,review,0.46,0,
/Webwinkel-Product-175165743/Eibach-Pro-Street-S-F30-Sedan-325d330d.html,,eibach-pro-street-s-f30-sedan-318d320d330d335d-xdrive,review,0.46,0,
/Webwinkel-Product-175165751/Eibach-Pro-Street-S-F30-Sedan-325d330d.html,,eibach-pro-street-s-f30-sedan-318d320d330d335d-xdrive,review,0.46,0,
/Webwinkel-Product-175165757/Eibach-Pro-Street-S-F30-Sedan-325d330d.html,,eibach-pro-street-s-f30-sedan-318d320d330d335d-xdrive,review,0.46,0,
/Webwinkel-Product-175165761/Eibach-Pro-Street-S-F30-Sedan-325d330d.html,,eibach-pro-street-s-f30-sedan-318d320d330d335d-xdrive,review,0.46,0,
/Webwinkel-Product-175165769/Eibach-Pro-Street-S-F30-Sedan-335i.html,,eibach-pro-kit-bmw-f30-sedan-335i-340i,review,0.5,0,
/Webwinkel-Product-175165773/Eibach-Pro-Street-S-F30-Sedan-335i.html,,eibach-pro-kit-bmw-f30-sedan-335i-340i,review,0.5,0,
/Webwinkel-Product-175165779/Eibach-Pro-Street-S-F30-Sedan-335i.html,,eibach-pro-kit-bmw-f30-sedan-335i-340i,review,0.5,0,
/Webwinkel-Product-175165787/Eibach-Pro-Street-S-F30-Sedan-335i.html,,eibach-pro-kit-bmw-f30-sedan-335i-340i,review,0.5,0,
/Webwinkel-Product-175165797/Eibach-Pro-Street-S-F30-Sedan-340i.html,,eibach-pro-street-s-f31-touring-340i,review,0.56,0,
/Webwinkel-Product-175165803/Eibach-Pro-Street-S-F30-Sedan-340i.html,,eibach-pro-street-s-f31-touring-340i,review,0.56,0,
/Webwinkel-Product-175165807/Eibach-Pro-Street-S-F30-Sedan-340i.html,,eibach-pro-street-s-f31-touring-340i,review,0.56,0,
/Webwinkel-Product-175165813/Eibach-Pro-Street-S-F30-Sedan-340i.html,,eibach-pro-street-s-f31-touring-340i,review,0.56,0,
/Eibach-Pro-Street-S-1-serie-F21-114d-116d-118d,,eibach-pro-street-s-f21-114d116d118d,review,0.73,0,
/Eibach-Pro-Street-S-F21-met-edc-114d-116d-118d,,eibach-pro-street-s-f21-114d116d118d,review,0.73,0,
/Eibach-Pro-Street-S-1-serie-F21-met-edc-114d-116d-118d,,eibach-pro-street-s-f21-114d116d118d,review,0.62,0,
/Eibach-Pro-Street-S-F21-114i-116i-118i,,eibach-pro-street-s-f21-114d116d118d,review,0.42,0,
/Eibach-Pro-Street-S-1-serie-F21-114i-116i-118i,,eibach-pro-street-s-f20-m135i-1,review,0.42,0,
/Eibach-Pro-Street-S-F21-met-edc-114i-116i-118i,,eibach-pro-street-s-f21-114d116d118d,none,0.36,0,
/Eibach-Pro-Street-S-1-serie-F21-met-edc-114i-116i-118i,,eibach-pro-street-s-f20-m135i-1,none,0.36,0,
/Eibach-Pro-Street-S-F21-120d-125d,,eibach-pro-kit-bmw-f21-120d125d,review,0.5,0,
/Eibach-Pro-Street-S-1-serie-F21-120d-125d,,eibach-pro-street-s-f20-m135i-1,review,0.45,0,
/Eibach-Pro-Street-S-F21-met-edc-120d-125d,,eibach-pro-kit-bmw-f21-120d125d,review,0.42,0,
/Eibach-Pro-Street-S-1-serie-F21-met-edc-120d-125d,,eibach-pro-street-s-f20-m135i-1,none,0.38,0,
/Eibach-Pro-Street-S-F21-120i-125i,,eibach-pro-street-s-f20-120i125i-2,review,0.6,0,
/Eibach-Pro-Street-S-1-serie-F21-120i-125i,,eibach-pro-street-s-f20-120i125i-2,review,0.5,0,
/Eibach-Pro-Street-S-F21-met-edc-120i-125i,,eibach-pro-street-s-f20-120i125i-2,review,0.5,0,
/Eibach-Pro-Street-S-1-serie-F21-met-edc-120i-125i,,eibach-pro-street-s-f20-120i125i-2,review,0.43,0,
/eibach-pro-street-s-bmw-f22-edc-m235i-xdrive.html,,eibach-pro-kit-bmw-f22-m235i-xdrive,review,0.6,0,
/Eibach-Pro-Street-S-1-serie-F21-M135i,,eibach-pro-street-s-f20-m135i-1,review,0.67,0,
/Eibach-Pro-Street-S-1-serie-F21-met-edc-M135i,,eibach-pro-street-s-f20-m135i-1,review,0.55,0,
/Webwinkel-Product-175165941/Eibach-Pro-Street-S-F22-Coupe-218d220d.html,,eibach-pro-street-s-e46-coupe-m3,review,0.56,0,
/Webwinkel-Product-175165947/Eibach-Pro-Street-S-F22-Coupe-218d220d.html,,eibach-pro-street-s-e46-coupe-m3,review,0.56,0,
/Webwinkel-Product-175165953/Eibach-Pro-Street-S-F22-Coupe-218i220i228i.html,,eibach-pro-street-s-e46-coupe-m3,review,0.56,0,
/Webwinkel-Product-175165961/Eibach-Pro-Street-S-F22-Coupe-218i220i228i.html,,eibach-pro-street-s-e46-coupe-m3,review,0.56,0,
/Webwinkel-Product-175165967/Eibach-Pro-Street-S-F22-Coupe-225d.html,,eibach-pro-street-s-e46-coupe-m3,review,0.56,0,
/Webwinkel-Product-175165973/Eibach-Pro-Street-S-F22-Coupe-225d.html,,eibach-pro-street-s-e46-coupe-m3,review,0.56,0,
/Webwinkel-Product-175165979/Eibach-Pro-Street-S-F22-Coupe-M235i-xDrive.html,,eibach-pro-kit-bmw-f22-m235i-xdrive,review,0.5,0,
/Webwinkel-Product-175165985/Eibach-Pro-Street-S-F22-Coupe-M235i.html,,eibach-pro-street-s-e46-coupe-m3,review,0.56,0,
/eibach-pro-street-s-bmw-e93-cabrio-320d-325d.html,,eibach-pro-kit-bmw-e93-cabrio-325d330d,review,0.5,0,
/Webwinkel-Product-175165997/Eibach-Pro-Street-S-E93-Cabrio-335d.html,,eibach-pro-street-s-e93-cabrio-320i323i,review,0.6,0,
/Webwinkel-Product-175166003/Eibach-Pro-Street-S-E93-Cabrio-335i.html,,eibach-pro-street-s-e93-cabrio-320i323i,review,0.6,0,
/Eibach-Pro-Street-S-F20-zonder-edc-114d-116d-118d,,eibach-pro-street-s-f21-114d116d118d,review,0.58,0,
/Eibach-Pro-Street-S-1-serie-F20-114d-116d-118d,,eibach-pro-street-s-f21-114d116d118d,review,0.58,0,
/Eibach-Pro-Street-S-F20-met-edc-114d-116d-118d,,eibach-pro-street-s-f21-114d116d118d,review,0.58,0,
/Eibach-Pro-Street-S-1-serie-F20-met-edc-114d-116d-118d,,eibach-pro-street-s-f21-114d116d118d,review,0.5,0,
/Eibach-Pro-Street-S-F20-zonder-edc-114i-116i-118i,,eibach-pro-street-s-f20-m135i,review,0.45,0,
/Eibach-Pro-Street-S-1-serie-F20-114i-116i-118i,,eibach-pro-street-s-f20-m135i-1,review,0.55,0,
/Eibach-Pro-Street-S-F20-met-edc-114i-116i-118i,,eibach-pro-street-s-f20-m135i,review,0.45,0,
/Eibach-Pro-Street-S-1-serie-F20-met-edc-114i-116i-118i,,eibach-pro-street-s-f20-m135i-1,review,0.46,0,
/Eibach-Pro-Street-S-F20-zonder-edc-120d-125d,,eibach-pro-street-s-f20-m135i,review,0.5,0,
/Eibach-Pro-Street-S-1-serie-f20-120d-125d,,eibach-pro-street-s-f20-m135i-1,review,0.6,0,
/Eibach-Pro-Street-S-F20-met-edc-120d-125d,,eibach-pro-street-s-f20-m135i,review,0.5,0,
/Eibach-Pro-Street-S-1-serie-F20-met-edc-120d-125d,,eibach-pro-street-s-f20-m135i-1,review,0.5,0,
/Eibach-Pro-Street-S-F20-zonder-edc-120i-125i,,eibach-pro-street-s-f20-120i125i-2,review,0.64,0,
/Eibach-Pro-Street-S-1-serie-F20-120i-125i,,eibach-pro-street-s-f20-120i125i-2,review,0.64,0,
/Eibach-Pro-Street-S-F20-met-edc-120i-125i,,eibach-pro-street-s-f20-120i125i-2,review,0.64,0,
/Eibach-Pro-Street-S-1-serie-F20-met-edc-120i-125i,,eibach-pro-street-s-f20-120i125i-2,review,0.54,0,
/Eibach-Pro-Street-S-F20-zonder-edc-M135i,,eibach-pro-street-s-f20-m135i,review,0.75,0,
/Eibach-Pro-Street-S-1-serie-F20-met-edc-M135i,,eibach-pro-street-s-f20-m135i-1,review,0.7,0,
/eibach-pro-street-s-bmw-e92-coupe-320d-325d-330d.html,,eibach-pro-kit-bmw-e92-coupe-335i,review,0.42,0,
/eibach-pro-street-s-bmw-e88-cabrio-118d-120d-123d.html,,eibach-pro-street-s-e88-cabrio-125i128i135i,review,0.43,0,
/Webwinkel-Product-175166179/Eibach-Pro-Street-S-E88-Cabrio-118i120i.html,,eibach-pro-street-s-e88-cabrio-125i128i135i,review,0.55,0,
/Webwinkel-Product-175166193/Eibach-Pro-Street-S-E90-Sedan-316i318i.html,,eibach-pro-street-s-e46-sedan-325i328i,review,0.45,0,
/Webwinkel-Product-175166199/Eibach-Pro-Street-S-E90-Sedan-320d.html,,eibach-pro-street-s-f30-sedan-318d320d330d335d-xdrive,review,0.46,0,
/Webwinkel-Product-175166207/Eibach-Pro-Street-S-E90-Sedan-320i323i.html,,eibach-pro-street-s-e46-sedan-325i328i,review,0.45,0,
/Webwinkel-Product-175166213/Eibach-Pro-Street-S-E90-Sedan-325i328i330i.html,,eibach-pro-street-s-e46-sedan-325i328i330i,review,0.55,0,
/Webwinkel-Product-175166219/Eibach-Pro-Street-S-E91-Touring-316i318i.html,,eibach-pro-street-s-f31-touring-325d,review,0.56,0,
/Webwinkel-Product-175166225/Eibach-Pro-Street-S-E91-Touring-318d320d.html,,eibach-pro-street-s-f31-touring-325d,review,0.56,0,
/Webwinkel-Product-175166229/Eibach-Pro-Street-S-E91-Touring-320i323i.html,,eibach-pro-street-s-f31-touring-325d,review,0.56,0,
/Webwinkel-Product-175166235/Eibach-Pro-Street-S-E91-Touring-325i330i.html,,eibach-pro-street-s-f31-touring-325d,review,0.56,0,
/Webwinkel-Product-175166243/Eibach-Pro-Street-S-E92-Coupe-316i318i.html,,eibach-pro-street-s-e46-coupe-m3,review,0.56,0,
/Webwinkel-Product-175166249/Eibach-Pro-Street-S-E92-Coupe-320d325d330d.html,,eibach-pro-street-s-e46-coupe-m3,review,0.56,0,
/Webwinkel-Product-175166253/Eibach-Pro-Street-S-E92-Coupe-320i323i.html,,eibach-pro-street-s-e46-coupe-m3,review,0.56,0,
/Webwinkel-Product-175166255/Eibach-Pro-Street-S-E92-Coupe-328i330i.html,,eibach-pro-street-s-e46-coupe-m3,review,0.56,0,
/Webwinkel-Product-175166257/Eibach-Pro-Street-S-E92-Coupe-335d.html,,eibach-pro-street-s-e46-coupe-m3,review,0.56,0,
/Webwinkel-Product-175166259/Eibach-Pro-Street-S-E92-Coupe-335i.html,,eibach-pro-kit-bmw-e92-coupe-335i,review,0.56,0,
/Webwinkel-Product-175166261/Eibach-Pro-Street-S-E93-Cabrio-318i.html,,eibach-pro-street-s-e93-cabrio-320i323i,review,0.6,0,
/Webwinkel-Product-175166263/Eibach-Pro-Street-S-E93-Cabrio-320d325d.html,,eibach-pro-street-s-e93-cabrio-320i323i,review,0.6,0,
/Eibach-Pro-Street-S-E87-116d-118d,,eibach-pro-street-s-f21-114d116d118d,review,0.6,0,
/Eibach-Pro-Street-S-E87-116i-118i,,eibach-pro-street-s-e87-120i130i,review,0.5,0,
/Eibach-Pro-Street-S-E87-120d-123d,,eibach-pro-street-s-e87-120i130i,review,0.5,0,
/eibach-pro-street-s-bmw-3serie-e46-touring-325i-328i-330i.html,,eibach-pro-street-s-e46-sedan-325i328i330i,review,0.62,0,
/eibach-pro-street-s-bmw-e46-touring-318d-320d.html,,eibach-pro-kit-bmw-e46-touring-318d320d,review,0.64,0,
/Webwinkel-Product-175166277/Eibach-Pro-Street-S-E46-Touring-316i318i.html,,eibach-pro-street-s-e46-coupe-m3,review,0.56,0,
/Webwinkel-Product-175166279/Eibach-Pro-Street-S-E46-Touring-316i318i.html,,eibach-pro-street-s-e46-coupe-m3,review,0.56,0,
/Webwinkel-Product-175166281/Eibach-Pro-Street-S-E46-Touring-318d320d330d.html,,eibach-pro-street-s-e46-coupe-m3,review,0.56,0,
/Webwinkel-Product-175166283/Eibach-Pro-Street-S-E46-Touring-318d320d.html,,eibach-pro-street-s-e46-coupe-m3,review,0.56,0,
/Webwinkel-Product-175166287/Eibach-Pro-Street-S-E46-Touring-320i323i.html,,eibach-pro-street-s-e46-coupe-m3,review,0.56,0,
/Webwinkel-Product-175166289/Eibach-Pro-Street-S-E46-Touring-320i323i.html,,eibach-pro-street-s-e46-coupe-m3,review,0.56,0,
/Webwinkel-Product-175166291/Eibach-Pro-Street-S-E46-Touring-325i328i330i.html,,eibach-pro-street-s-e46-coupe-m3,review,0.56,0,
/Webwinkel-Product-175166293/Eibach-Pro-Street-S-E46-Touring-325i328i.html,,eibach-pro-street-s-e46-sedan-325i328i,review,0.6,0,
/eibach-pro-street-s-bmw-e60-sedan-520d-525d-530d-535d.html,,eibach-pro-kit-bmw-e60-sedan-525d530d535d,review,0.62,0,
/Webwinkel-Product-175166297/Eibach-Pro-Street-S-E60-Sedan-520i523i525i530i.html,,eibach-pro-street-s-e60-sedan-535i540i545i550i,review,0.5,0,
/eibach-pro-street-s-bmw-e61-touring-520d-525d-530d-535d.html,,eibach-pro-kit-bmw-f11-touring-525d530d535d,review,0.5,0,
/Webwinkel-Product-175166303/Eibach-Pro-Street-S-E61-Touring-520i523i525i530i.html,,eibach-pro-street-s-e61-touring-545i550i,review,0.6,0,
/Eibach-Pro-Street-S-E81-116d-118d,,eibach-pro-street-s-f21-114d116d118d,review,0.6,0,
/Eibach-Pro-Street-S-E81-116i-118i,,eibach-pro-street-s-f20-m135i,review,0.44,0,
/Eibach-Pro-Street-S-E81-120d-123d,,eibach-pro-street-s-f20-m135i,review,0.44,0,
/Eibach-Pro-Street-S-E81-120i-130i,,eibach-pro-street-s-e87-120i130i,review,0.67,0,
/Eibach-Pro-Street-S-E82-Coupe-118d-120d-123d,,eibach-pro-street-s-e46-coupe-m3,review,0.45,0,
/Eibach-Pro-Street-S-E82-Coupe-120i-125i-135i,,eibach-pro-kit-bmw-e82-120i125i135i,review,0.5,0,
/eibach-pro-street-s-bmw-5serie-e39-sedan-535i-540i.html,,eibach-pro-kit-bmw-e39-sedan-535i540i,review,0.58,0,
/Webwinkel-Product-175166329/Eibach-Pro-Street-S-E39-Sedan-535i540i.html,,eibach-pro-street-s-e39-sedan-520i523i525i528i530i,review,0.46,0,
/Webwinkel-Product-175166331/Eibach-Pro-Street-S-E46-Cabrio-318Ci.html,,eibach-pro-street-s-e46-coupe-m3,review,0.56,0,
/Webwinkel-Product-175166333/Eibach-Pro-Street-S-E46-Cabrio-318Ci.html,,eibach-pro-street-s-e46-coupe-m3,review,0.56,0,
/Webwinkel-Product-175166335/Eibach-Pro-Street-S-E46-Cabrio-320Ci323Ci325Ci.html,,eibach-pro-street-s-e46-coupe-m3,review,0.56,0,
/Webwinkel-Product-175166337/Eibach-Pro-Street-S-E46-Cabrio-320Ci323Ci325Ci.html,,eibach-pro-street-s-e46-coupe-m3,review,0.56,0,
/Webwinkel-Product-175166339/Eibach-Pro-Street-S-E46-Cabrio-330Ci.html,,eibach-pro-street-s-e46-coupe-m3,review,0.56,0,
/eibach-pro-street-s-bmw-e46-cabrio-m3.html,,eibach-pro-street-s-e46-coupe-m3,review,0.67,0,
/Eibach-Pro-Street-S-E46-Coupe-316Ci-318Ci,,eibach-pro-street-s-e46-coupe-m3,review,0.67,0,
/Eibach-Pro-Street-S-3-serie-E46-Coupe-316Ci-318Ci,,eibach-pro-street-s-e46-coupe-m3,review,0.55,0,
/Eibach-Pro-Street-S-E46-Coupe-320Cd-330Cd,,eibach-pro-street-s-e46-coupe-m3,review,0.67,0,
/Eibach-Pro-Street-S-E46-Coupe-320Ci-323Ci-325Ci-328Ci,,eibach-pro-street-s-e46-coupe-m3,review,0.55,0,
/Eibach-Pro-Street-S-E46-Coupe-320Ci-323Ci-325Ci,,eibach-pro-street-s-e46-coupe-m3,review,0.6,0,
/Eibach-Pro-Street-S-E46-Coupe-328Ci-330Ci,,eibach-pro-street-s-e46-coupe-m3,review,0.67,0,
/Eibach-Pro-Street-S-E46-Sedan-316i-318i,,eibach-pro-kit-bmw-e46-sedan-316i318i,review,0.55,0,
/Eibach-Pro-Street-S-3-serie-E46-Sedan-316i-318i,,eibach-pro-kit-bmw-e46-sedan-316i318i,review,0.46,0,
/Eibach-Pro-Street-S-3-serie-E46-Sedan-318d-320d-330d,,eibach-pro-street-s-f30-sedan-318d320d330d335d-xdrive,review,0.53,0,
/Eibach-Pro-Street-S-E46-Sedan-318d-320d,,eibach-pro-street-s-e46-sedan-325i328i,review,0.55,0,
/Eibach-Pro-Street-S-E46-Sedan-320i-323i,,eibach-pro-street-s-e46-sedan-325i328i,review,0.55,0,
/Eibach-Pro-Street-S-3-serie-E46-Sedan-320i-323i,,eibach-pro-street-s-e46-sedan-325i328i,review,0.46,0,
/eibach-prokit-bmw-x6-f86-m.html,,m-performance-mattenset-x6-f16-x6-m-f86,none,0.33,0,
/eibach-prokit-bmw-x6-f16-m-met-niveauregeling.html,,m-performance-achterflaps-x6-f16,none,0.3,0,
/eibach-prokit-bmw-x6-f16-xdrive25d-xdrive30d-xdrive40d.html,,eibach-pro-kit-bmw-x1-f48-xdrive18d-xdrive20d-xdrive25d,none,0.21,0,
/Webwinkel-Product-175166383/Eibach-Pro-Kit-BMW-X6-F16-xDrive35i.html,,eibach-pro-kit-bmw-x1-e84-xdrive35i,review,0.56,0,
/eibach-prokit-bmw-x6-f16-xdrive25d-xdrive30d-xdrive40d-met-niveauregeling.html,,eibach-pro-kit-bmw-x1-f48-xdrive18d-xdrive20d-xdrive25d,none,0.19,0,
/Webwinkel-Product-175166387/Eibach-Pro-Kit-BMW-X6-F16-xDrive50i.html,,eibach-pro-kit-bmw-x5-e70,review,0.44,0,
/Webwinkel-Product-175166389/Eibach-Pro-Kit-BMW-X6-F16-xDrive50i.html,,eibach-pro-kit-bmw-x5-e70,review,0.44,0,
/Webwinkel-Product-175166391/Eibach-Pro-Kit-BMW-X6-F6-xDrive25dxDrive30dxDrive40d.html,,eibach-pro-kit-bmw-x5-e70,review,0.44,0,
/Webwinkel-Product-175166393/Eibach-Pro-Kit-BMW-X6-F86-M.html,,eibach-pro-kit-bmw-x5-f85-m,review,0.56,0,
/Webwinkel-Product-175166395/Eibach-Pro-Kit-BMW-X6-F86-M.html,,eibach-pro-kit-bmw-x5-f85-m,review,0.56,0,
/eibach-prokit-bmw-z3-coupe-28i-30i.html,,eibach-pro-kit-bmw-e46-coupe-m3,none,0.27,0,
/eibach-prokit-bmw-z3-roadster-18i-19i.html,,ap-suspension-bmw-z3-roadster,none,0.33,0,
/eibach-prokit-bmw-z3-roadster-20i-22i-28i-30i.html,,ap-suspension-bmw-z3-roadster,none,0.27,0,
/eibach-prokit-bmw-z4n-e86-coupe-m.html,,eibach-pro-kit-bmw-z4-e86-coupe-m-32,none,0.38,0,
/eibach-prokit-bmw-z4-e86-coupe-30si.html,,eibach-pro-kit-bmw-z4-e86-coupe-30si,review,0.55,0,
/eibach-prokit-bmw-z4-e89-sdrive28i-sdrive30i.html,,eibach-pro-kit-bmw-z4-e89-roadster-sdrive28i-sdrive30i,review,0.6,0,
/eibach-prokit-bmw-x1-f48-xdrive18d-xdrive20d-xdrive25d.html,,eibach-pro-kit-bmw-x1-f48-xdrive18d-xdrive20d-xdrive25d,review,0.7,0,
/eibach-prokit-bmw-x3-e83-xdrive20d-xdrive30d-xdrive35d.html,,eibach-pro-kit-bmw-x3-e83-xdrive25i-xdrive28i-xdrive30i,none,0.31,0,
/Webwinkel-Product-175166429/Eibach-Pro-Kit-BMW-X3-E83-2.5-i-2.5-si-3.0-si.html,,eibach-pro-kit-bmw-z3-coupe-28-30,review,0.41,0,
/Webwinkel-Product-175166433/Eibach-Pro-Kit-BMW-X3-E83-2.5si-xDrive-3.0i-xDrive.html,,eibach-pro-kit-bmw-x3-e83-xdrive25i-xdrive28i-xdrive30i,review,0.43,0,
/Webwinkel-Product-175166435/Eibach-Pro-Kit-BMW-X3-E83-xDrive20d-xDrive30d-xDrive35d.html,,eibach-pro-kit-bmw-x3-e83-xdrive25i-xdrive28i-xdrive30i,review,0.5,0,
/eibach-prokit-bmw-x4-f26-xdrive20d.html,,eibach-pro-lift-kit-x4-f26-xdrive20d,review,0.44,0,
"/Eibach-Pro-Kit-BMW-X3-F25-xDrive20i,-xDrive28i,-xDrive35i",,eibach-pro-kit-bmw-x4-f26-xdrive20i-xdrive28i,review,0.55,0,
/eibach-prokit-bmw-x4-f26-xdrive30d-xdrive35d.html,,eibach-pro-lift-kit-x4-f26-xdrive30dxdrive35d,review,0.45,0,
/Webwinkel-Product-175166449/Eibach-Pro-Kit-BMW-X3-F25-xDrive35i.html,,eibach-pro-kit-bmw-x1-e84-xdrive35i,review,0.56,0,
/Webwinkel-Product-175166451/Eibach-Pro-Kit-BMW-X4-F26-xDrive20d.html,,eibach-pro-lift-kit-x4-f26-xdrive20d,review,0.75,0,
/Webwinkel-Product-175166455/Eibach-Pro-Kit-BMW-X4-F26-xDrive30d-xDrive35d.html,,eibach-pro-lift-kit-x4-f26-xdrive30dxdrive35d,review,0.7,0,
/Webwinkel-Product-175166461/Eibach-Pro-Kit-BMW-X5-F15-M50d.html,,eibach-pro-kit-bmw-x5-f15-xdrive35i,review,0.75,0,
/Webwinkel-Product-175166463/Eibach-Pro-Kit-BMW-X5-F15-M50d.html,,eibach-pro-kit-bmw-x5-f15-xdrive35i,review,0.75,0,
/Webwinkel-Product-175166465/Eibach-Pro-Kit-BMW-X5-F15-xDrive25dxDrive30dxDrive40d.html,,eibach-pro-kit-bmw-x5-f15-xdrive35i,review,0.75,0,
/Webwinkel-Product-175166467/Eibach-Pro-Kit-BMW-X5-F15-xDrive25dxDrive30dxDrive40d.html,,eibach-pro-kit-bmw-x5-f15-xdrive35i,review,0.75,0,
/Webwinkel-Product-175166475/Eibach-Pro-Kit-BMW-X5-F15-xDrive50i.html,,eibach-pro-kit-bmw-x5-f15-xdrive35i,review,0.75,0,
/Webwinkel-Product-175166479/Eibach-Pro-Kit-BMW-X5-F15-xDrive50i.html,,eibach-pro-kit-bmw-x5-f15-xdrive35i,review,0.75,0,
/eibach-prokit-bmw-f36-gran-coupe-430d-xdrive.html,,bmw-mattenset-velours-f06-gran-coupe,none,0.27,0,
/eibach-prokit-bmw-f36-gran-coupe-420d-xdrive.html,,bilstein-b12-pro-kit-f36-gran-coupe-420d425d,none,0.29,0,
/eibach-prokit-bmw-f36-gran-coupe-435dxdrive.html,,bmw-mattenset-velours-f06-gran-coupe,none,0.3,0,
/Webwinkel-Product-175166491/Eibach-Pro-Kit-BMW-F36-Gran-Coupe-435ix440ix.html,,eibach-pro-kit-bmw-e46-coupe-m3,review,0.5,0,
/Webwinkel-Product-175166493/Eibach-Pro-Kit-BMW-F36-Gran-Coupe-435i.html,,eibach-pro-kit-bmw-f33-435i,review,0.56,0,
/Webwinkel-Product-175166495/Eibach-Pro-Kit-BMW-F36-Gran-Coupe-440i.html,,eibach-pro-kit-bmw-e46-coupe-m3,review,0.5,0,
/eibach-prokit-bmw-f45-214d-216d-218d.html,,eibach-pro-kit-bmw-f45-at-220i225i,none,0.23,0,
/eibach-prokit-bmw-f45-218d-220d.html,,eibach-anti-roll-kit-bmw-f23-220d,none,0.3,0,
/eibach-prokit-bmw-f82-m4-coupe.html,,eibach-pro-kit-bmw-f82-m4-coupe,review,0.62,0,
/eibach-prokit-bmw-f83-m4-cabrio.html,,eibach-pro-kit-bmw-f83-m4-cabrio,review,0.62,0,
/eibach-prokit-bmw-x1-sdrive28i.html,,eibach-pro-kit-bmw-x1-e84-sdrive28i,review,0.5,0,
/Webwinkel-Product-175166519/Eibach-Pro-Kit-BMW-X1-E84-sDrive16i-sDrive18i-sDrive20i.html,,eibach-pro-kit-bmw-x1-f48-sdrive18i,review,0.6,0,
/eibach-prokit-bmw-x1-xdrive23d-xdrive25d.html,,eibach-pro-lift-kit-x1-e84-xdrive23dxdrive25d,none,0.36,0,
"/Eibach-Pro-Kit-BMW-X1-E84-xDrive20i,-xDrive25i,-xDrive28i",,eibach-pro-kit-bmw-x1-e84-sdrive28i,review,0.6,0,
"/Eibach-Pro-Kit-BMW-X1-E84-xDrive23d,-xDrive25d",,eibach-pro-lift-kit-x1-e84-xdrive23dxdrive25d,review,0.7,0,
/eibach-prokit-bmw-x1-f48-sdrive16d-sdrive18d.html,,eibach-pro-kit-bmw-x1-f48-sdrive18i,review,0.4,0,
/Webwinkel-Product-175166541/Eibach-Pro-Kit-BMW-F34-GT-325d330d.html,,eibach-pro-kit-bmw-e93-cabrio-325d330d,review,0.45,0,
/Webwinkel-Product-175166543/Eibach-Pro-Kit-BMW-F34-GT-335i.html,,eibach-pro-kit-bmw-e92-coupe-335i,review,0.56,0,
/eibach-prokit-bmw-f36-gran-coupe-420d-425d.html,,bilstein-b12-pro-kit-f36-gran-coupe-420d425d,none,0.38,0,
/Webwinkel-Product-175166551/Eibach-Pro-Kit-BMW-F36-Gran-Coupe-418i.html,,eibach-pro-kit-bmw-e46-coupe-m3,review,0.5,0,
/Webwinkel-Product-175166553/Eibach-Pro-Kit-BMW-F36-Gran-Coupe-420d425d.html,,bilstein-b12-pro-kit-f36-gran-coupe-420d425d,review,0.5,0,
/Webwinkel-Product-175166555/Eibach-Pro-Kit-BMW-F36-Gran-Coupe-420dx.html,,eibach-pro-kit-bmw-e46-coupe-m3,review,0.5,0,
/Webwinkel-Product-175166559/Eibach-Pro-Kit-BMW-F36-Gran-Coupe-420ix428ix430ix.html,,eibach-pro-kit-bmw-e46-coupe-m3,review,0.5,0,
/eibach-prokit-bmw-f32-coupe-418d-420d-425d.html,,bilstein-b12-sportline-f32-coupe-418d,none,0.27,0,
/eibach-prokit-bmw-f32-coupe-420dxdrive.html,,eibach-pro-kit-bmw-e46-coupe-m3,none,0.3,0,
/Webwinkel-Product-175166569/Eibach-Pro-Kit-BMW-F32-420i-xDrive428i-xDrive.html,,eibach-pro-kit-bmw-f32-435i-xdrive,review,0.67,0,
/Webwinkel-Product-175166571/Eibach-Pro-Kit-BMW-F32-420i428i.html,,eibach-pro-kit-bmw-f32-435i-xdrive,review,0.62,0,
/eibach-prokit-bmw-f32-coupe-430dxdrive-435dxdrive.html,,eibach-pro-kit-bmw-e46-coupe-m3,none,0.27,0,
/Webwinkel-Product-175166577/Eibach-Pro-Kit-BMW-F32-430d.html,,eibach-pro-kit-bmw-f32-435i-xdrive,review,0.62,0,
/eibach-prokit-bmw-f33-cabrio-420d-425d.html,,eibach-pro-kit-bmw-f33-425d,review,0.44,0,
/eibach-prokit-bmw-f33-cabrio-425d.html,,eibach-pro-kit-bmw-f33-425d,review,0.5,0,
/eibach-prokit-bmw-f33-cabrio-430d.html,,eisenmann-2x76mm-bmw-f33-430d,none,0.38,0,
/Webwinkel-Product-175166595/Eibach-Pro-Kit-BMW-F34-GT-318d320d.html,,eibach-pro-kit-bmw-e46-touring-318d320d,review,0.45,0,
/Webwinkel-Product-175166599/Eibach-Pro-Kit-BMW-F34-GT-320i328i.html,,eibach-sportline-bmw-f34-gt-320i328i,review,0.5,0,
/eibach-prokit-bmw-f23-m235i-xdrive.html,,eibach-pro-kit-bmw-f22-m235i-xdrive,review,0.44,0,
/Eibach-Pro-Kit-BMW-F23-M235i,,eibach-pro-kit-bmw-f22-m235i,review,0.71,0,
/Webwinkel-Product-175166607/Eibach-Pro-Kit-BMW-F30-Sedan-316d318d320d.html,,eibach-pro-kit-bmw-f30-sedan-activehybrid,review,0.75,0,
/Webwinkel-Product-175166611/Eibach-Pro-Kit-BMW-F30-Sedan-320dx.html,,eibach-pro-kit-bmw-f30-sedan-activehybrid,review,0.75,0,
/Webwinkel-Product-175166613/Eibach-Pro-Kit-BMW-F30-Sedan-320ix-318dx.html,,eibach-pro-kit-bmw-f30-sedan-activehybrid,review,0.67,0,
/Webwinkel-Product-175166617/Eibach-Pro-Kit-BMW-F30-Sedan-320ix328ix330ix.html,,eibach-pro-kit-bmw-f30-sedan-activehybrid,review,0.75,0,
/Webwinkel-Product-175166619/Eibach-Pro-Kit-BMW-F30-Sedan-325d-330d.html,,eibach-pro-kit-bmw-f30-sedan-activehybrid,review,0.67,0,
/Webwinkel-Product-175166621/Eibach-Pro-Kit-BMW-F30-Sedan-325d.html,,eibach-pro-kit-bmw-f30-sedan-activehybrid,review,0.75,0,
/Webwinkel-Product-175166625/Eibach-Pro-Kit-BMW-F30-Sedan-330dx335dx.html,,eibach-pro-kit-bmw-f30-sedan-activehybrid,review,0.75,0,
/Webwinkel-Product-175166627/Eibach-Pro-Kit-BMW-F30-Sedan-330dx.html,,eibach-pro-kit-bmw-f30-sedan-activehybrid,review,0.75,0,
/Webwinkel-Product-175166639/Eibach-Pro-Kit-BMW-F31-Touring-316d318d320d.html,,eibach-pro-kit-bmw-f31-touring-320ix318dx,review,0.6,0,
/Webwinkel-Product-175166641/Eibach-Pro-Kit-BMW-F31-Touring-316i318i320i.html,,eibach-pro-kit-bmw-f31-touring-320ix318dx,review,0.6,0,
/eibach-prokit-bmw-f31-touring-318dxdrive-320dxdrive.html,,eibach-pro-kit-bmw-f31-touring-320ix318dx,none,0.33,0,
/eibach-prokit-bmw-f31-touring-320ixdrive-318dxdrive.html,,eibach-pro-kit-bmw-f31-touring-320ixdrive328i-xdrive330i-xdrive,none,0.36,0,
/eibach-prokit-bmw-f31-touring-330dxdrive.html,,eibach-pro-kit-bmw-f31-touring-320ix318dx,none,0.36,0,
/eibach-prokit-bmw-f11-touring-520d-xdrive-525dxdrive-530dxdrive-met-niveauregeling.html,,eibach-pro-kit-bmw-f11-touring-520dxdrive-525dxdrive-530dxdrive,review,0.43,0,
/eibach-prokit-bmw-f11-touring-m550dxdrive-met-niveauregeling.html,,eibach-pro-kit-bmw-f11-touring-520dxdrive-525dxdrive-530dxdrive,none,0.31,0,
"/Eibach-Pro-Kit-BMW-F11-Touring-528i-xDrive,-535i-xDrive",,eibach-pro-kit-bmw-f31-touring-330d-xdrive-335d-xdrive,review,0.5,0,
/Webwinkel-Product-175166671/Eibach-Pro-Kit-BMW-F11-Touring-535i.html,,eibach-pro-kit-bmw-f11-touring-520dxdrive-525dxdrive-530dxdrive,review,0.6,0,
/Webwinkel-Product-175166673/Eibach-Pro-Kit-BMW-F11-Touring-550i-xDrive.html,,eibach-pro-kit-bmw-e61-touring-545i550i,review,0.55,0,
/eibach-prokit-bmw-f23-218d-220d.html,,eibach-anti-roll-kit-bmw-f23-220d,review,0.44,0,
/Eibach-Pro-Kit-BMW-F20-114i-116i-118i,,eibach-pro-kit-bmw-e87-116i118i120i,review,0.55,0,
/Eibach-Pro-Kit-BMW-F20-M135i,,eibach-pro-kit-bmw-x5-e70,review,0.5,0,
/Eibach-Pro-Kit-BMW-F21-114d-116d-118d,,eibach-pro-street-s-f21-114d116d118d,review,0.55,0,
/Eibach-Pro-Kit-BMW-F21-114i-116i-118i,,eibach-pro-kit-bmw-e87-116i118i120i,review,0.55,0,
/Eibach-Pro-Kit-BMW-F21-120d-xDrive-118d-xDrive,,eibach-pro-kit-bmw-f21-120d125d,review,0.6,0,
/Eibach-Pro-Kit-BMW-F21-M135i-xDrive,,bilstein-b12-pro-kit-f21-m135i-xdrive,review,0.56,0,
/Eibach-Pro-Kit-BMW-F22-218d-220d,,eibach-pro-kit-bmw-f22-m235i,review,0.62,0,
/Eibach-Pro-Kit-BMW-F22-225d-220d-xDrive,,eibach-pro-kit-bmw-f22-m235i-xdrive,review,0.67,0,
/Eibach-Pro-Kit-BMW-F23-218d-220d,,eibach-anti-roll-kit-bmw-f23-220d,review,0.56,0,
/Eibach-Pro-Kit-BMW-F23-218i-220i-228i,,eibach-pro-kit-bmw-f45-at-218i220i,review,0.55,0,
/eibach-prokit-bmw-e93-cabrio-320d.html,,eibach-pro-kit-bmw-e93-cabrio-318i320i,none,0.36,0,
/eibach-prokit-bmw-e93-cabrio-325d-330d.html,,eibach-pro-kit-bmw-e93-cabrio-325d330d,review,0.6,0,
/eibach-prokit-bmw-e93-cabrio-325i-330i-335i.html,,eibach-pro-kit-bmw-e93-cabrio-325i330i335i,review,0.64,0,
/eibach-prokit-bmw-f10-sedan-520dxdrive-525dxdrive.html,,eibach-pro-kit-bmw-f10-sedan-m5,review,0.4,0,
"/Eibach-Pro-Kit-BMW-F10-Sedan-518d,520d",,eibach-pro-kit-bmw-f10-sedan-m5,review,0.67,0,
"/Eibach-Pro-Kit-BMW-F10-Sedan-520d-xDrive,-525d-xDrive",,eibach-pro-kit-bmw-f10-sedan-m5,review,0.6,0,
/Webwinkel-Product-175166735/Eibach-Pro-Kit-BMW-F10-Sedan-520d-xDrive-525d-xDrive.html,,eibach-pro-kit-bmw-f10-sedan-m5,review,0.6,0,
/Webwinkel-Product-175166737/Eibach-Pro-Kit-BMW-F10-Sedan-520i523i528i530i.html,,eibach-pro-kit-bmw-f10-sedan-m5,review,0.75,0,
/eibach-prokit-bmw-f10-sedan-M550d-xdrive.html,,eibach-pro-kit-bmw-f10-sedan-m5,review,0.4,0,
"/Eibach-Pro-Kit-BMW-F10-Sedan-528i-xDrive,-535i-xDrive",,eibach-pro-kit-bmw-f10-sedan-m5,review,0.6,0,
/Webwinkel-Product-175166749/Eibach-Pro-Kit-BMW-F10-Sedan-528i-xDrive-535i-xDrive.html,,eibach-pro-kit-bmw-f10-sedan-m5,review,0.6,0,
/Webwinkel-Product-175166751/Eibach-Pro-Kit-BMW-F10-Sedan-530d-xDrive-535d-xDrive.html,,eibach-pro-kit-bmw-f10-sedan-525d530d535d,review,0.73,0,
/Webwinkel-Product-175166753/Eibach-Pro-Kit-BMW-F10-Sedan-530d-xDrive-535d-xDrive.html,,eibach-pro-kit-bmw-f10-sedan-525d530d535d,review,0.73,0,
/Eibach-Pro-Kit-BMW-F10-Sedan-535i,,eibach-pro-kit-bmw-f10-sedan-m5,review,0.75,0,
/Webwinkel-Product-175166757/Eibach-Pro-Kit-BMW-F10-Sedan-535i.html,,eibach-pro-kit-bmw-f10-sedan-m5,review,0.75,0,
/Webwinkel-Product-175166759/Eibach-Pro-Kit-BMW-F10-Sedan-550i-xDrive.html,,eibach-pro-kit-bmw-f10-sedan-550i,review,0.88,0,
/Webwinkel-Product-175166761/Eibach-Pro-Kit-BMW-F10-Sedan-550i-xDrive.html,,eibach-pro-kit-bmw-f10-sedan-550i,review,0.88,0,
/eibach-prokit-bmw-f10-sedan-550i.html,,eibach-pro-kit-bmw-f10-sedan-550i,review,0.62,0,
/eibach-prokit-bmw-f10-sedan-550i-met-niveauregeling.html,,eibach-pro-kit-bmw-f10-sedan-550i,review,0.5,0,
/Webwinkel-Product-175166767/Eibach-Pro-Kit-BMW-F10-Sedan-M550d-xDrive.html,,eibach-pro-kit-bmw-f10-sedan-m5,review,0.67,0,
/Webwinkel-Product-175166769/Eibach-Pro-Kit-BMW-F10-Sedan-M550d-xDrive.html,,eibach-pro-kit-bmw-f10-sedan-m5,review,0.67,0,
/eibach-prokit-bmw-f10-sedan-m5.html,,eibach-pro-kit-bmw-f10-sedan-m5,review,0.62,0,
/eibach-prokit-bmw-e88-118d-120d-123d.html,,cobra-verlagingsveren-e88-118d-120d-123d-125i,review,0.4,0,
/eibach-prokit-bmw-e90-sedan-316d-318d-320d.html,,eibach-pro-kit-bmw-e90-sedan-m3,none,0.36,0,
/eibach-prokit-bmw-e90-sedan-318i-320i-320si.html,,eibach-sportline-bmw-e90-sedan-318i320i320si,review,0.7,0,
/eibach-prokit-bmw-e90-sedan-320xd.html,,eibach-pro-kit-bmw-e90-sedan-m3,review,0.44,0,
/eibach-prokit-bmw-e90-sedan-330xd.html,,eibach-pro-kit-bmw-e90-sedan-330xd,review,0.62,0,
/eibach-prokit-bmw-e90-sedan-m3.html,,eibach-pro-kit-bmw-e90-sedan-m3,review,0.62,0,
/eibach-prokit-bmw-e91-touring-316d-318d-320d-323i-325i-330i.html,,eibach-pro-kit-bmw-e91-touring-316d318d320d323i325i330i,review,0.71,0,
/eibach-prokit-bmw-e91-touring-318i-320i.html,,eibach-sportline-bmw-e91-touring-318i320i,review,0.67,0,
/eibach-prokit-bmw-e91-touring-320xd-325xi-330xi.html,,eibach-pro-kit-bmw-e91-touring-320xd325xi330xi,review,0.64,0,
/eibach-prokit-bmw-e91-touring-335i-335d.html,,eibach-pro-kit-bmw-e91-touring-335i335d,review,0.6,0,
/eibach-prokit-bmw-e91-touring-330xd.html,,eibach-pro-kit-bmw-e46-touring-330xd,review,0.44,0,
/eibach-prokit-bmw-e92-coupe-320d.html,,eibach-pro-kit-bmw-e92-coupe-335i,review,0.44,0,
/eibach-prokit-bmw-e92-coupe-325d-330d-335d.html,,cobra-verlagingsveren-e92-coupe-330d335d,none,0.36,0,
/eibach-prokit-bmw-e81-116i-118i-120i.html,,eibach-sportline-bmw-e81-116i118i120i,review,0.67,0,
/eibach-prokit-bmw-e81-118d-120d-123d.html,,eisenmann-2x70mm-bmw-e81-118d-120d,review,0.44,0,
/Eibach-Pro-Kit-BMW-E82-118d-120d-123d,,eibach-pro-kit-bmw-e82-1m-coupe,review,0.5,0,
/eibach-prokit-bmw-e87-116i-118i-120i.html,,eibach-pro-kit-bmw-e87-116i118i120i,review,0.6,0,
/Eibach-Pro-Kit-BMW-E87-118d-120d-123d,,eibach-pro-kit-bmw-e87-130i,review,0.56,0,
/eibach-prokit-bmw-e46-sedan-325xi-330xi.html,,eibach-pro-kit-bmw-e46-sedan-325xi330xi,review,0.6,0,
/Eibach-Pro-Kit-BMW-E46-Sedan-330Cd,,eibach-pro-kit-bmw-e46-sedan-330xd,review,0.75,0,
/eibach-prokit-bmw-e46-sedan-330xd.html,,eibach-pro-kit-bmw-e46-sedan-330xd,review,0.62,0,
/eibach-prokit-bmw-e46-touring-318ci.html,,eibach-pro-kit-bmw-e46-touring-330xd,review,0.44,0,
/eibach-prokit-bmw-e46-cabrio-320cd.html,,bmw-mattenset-velours-e46-cabrio,none,0.38,0,
/eibach-prokit-bmw-e46-touring-325xi-330xi.html,,eibach-pro-kit-bmw-e46-touring-325xi330xi,review,0.6,0,
/eibach-prokit-bmw-e46-touring-330xd.html,,eibach-pro-kit-bmw-e46-touring-330xd,review,0.62,0,
/eibach-prokit-bmw-e60-sedan-520d.html,,eibach-pro-kit-bmw-e60-sedan-m5,review,0.44,0,
/eibach-prokit-bmw-e60-sedan-540i-545i-550i.html,,eibach-sportline-bmw-e60-sedan-540i545i550i,review,0.7,0,
/eibach-prokit-bmw-e60-sedan-m5.html,,eibach-pro-kit-bmw-e60-sedan-m5,review,0.62,0,
/eibach-prokit-bmw-e61-touring-520d.html,,eibach-pro-kit-bmw-e61-touring-545i550i,none,0.36,0,
/eibach-prokit-bmw-e61-touring-525d-530d-535d.html,,eibach-pro-kit-bmw-f11-touring-525d530d535d,review,0.5,0,
/eibach-prokit-bmw-e39-sedan-525d-530d.html,,eibach-pro-kit-bmw-e39-sedan-525d530d,review,0.6,0,
/eibach-prokit-bmw-e39-sedan-535i-540i.html,,eibach-pro-kit-bmw-e39-sedan-535i540i,review,0.6,0,
/eibach-prokit-bmw-e39-touring-520d-525tds.html,,eibach-pro-kit-bmw-e39-touring-540i,review,0.4,0,
/eibach-prokit-bmw-e39-touring-520d-525tds-met-luchtvering.html,,eibach-pro-kit-bmw-e39-touring-540i,none,0.33,0,
/eibach-prokit-bmw-e39-touring-525d-530d.html,,eibach-pro-kit-bmw-e39-touring-525d530d,review,0.6,0,
/eibach-prokit-bmw-e39-touring-540i.html,,eibach-pro-kit-bmw-e39-touring-540i,review,0.62,0,
/Eibach-Pro-Kit-BMW-E46-Cabrio-318Ci,,bilstein-b12-pro-kit-e46-cabrio-318ci,review,0.56,0,
/Eibach-Pro-Kit-BMW-E46-Cabrio-320Ci-323Ci-325Ci-330Ci,,eibach-pro-kit-bmw-e46-coupe-m3,review,0.42,0,
/eibach-prokit-bmw-e46-cabrio-m3.html,,eibach-pro-kit-bmw-e46-coupe-m3,review,0.44,0,
/eibach-prokit-bmw-e46-compact-316ti-318ti.html,,eibach-sportline-bmw-e46-compact-316ti318ti,review,0.67,0,
/eibach-prokit-bmw-e46-compact-325ti-318td-320td.html,,eibach-sportline-bmw-e46-compact-325ti318td320td,review,0.7,0,
/Eibach-Pro-Kit-BMW-E46-Coupe-316Ci-318Ci,,eibach-pro-kit-bmw-e46-coupe-m3,review,0.67,0,
/Eibach-Pro-Kit-BMW-E46-Coupe-320Cd,,eibach-pro-kit-bmw-e46-coupe-m3,review,0.75,0,
/Eibach-Pro-Kit-BMW-E46-Coupe-320Ci-323Ci-325Ci-328Ci-330Ci,,eibach-pro-kit-bmw-e46-coupe-m3,review,0.5,0,
/Eibach-Pro-Kit-BMW-E46-Sedan-318d-320d,,eibach-pro-kit-bmw-e46-touring-318d320d,review,0.7,0,
/eibach-anti-roll-kit-bmw-f36-gran-coupe-418d-420d-425d.html,,eibach-anti-roll-kit-bmw-e46-coupe-m3,review,0.46,0,
/eibach-anti-roll-kit-bmw-f36-gran-coupe-430d.html,,eibach-anti-roll-kit-bmw-e46-coupe-m3,review,0.55,0,
/Webwinkel-Product-175166951/Eibach-Anti-Roll-Kit-BMW-F30-Sedan-ActiveHybrid.html,,eibach-pro-kit-bmw-f30-sedan-activehybrid,review,0.67,0,
/Webwinkel-Product-175166953/Eibach-Anti-Roll-Kit-BMW-F31-Touring-316d318d320d.html,,eibach-anti-roll-kit-bmw-f23-220d,review,0.5,0,
/Webwinkel-Product-175166955/Eibach-Anti-Roll-Kit-BMW-F31-Touring-316i318i320i.html,,eibach-anti-roll-kit-bmw-f23-220d,review,0.5,0,
/Webwinkel-Product-175166959/Eibach-Anti-Roll-Kit-BMW-F31-Touring-325d330d.html,,eibach-pro-kit-bmw-f31-touring-325d330d,review,0.55,0,
/Webwinkel-Product-175166961/Eibach-Anti-Roll-Kit-BMW-F31-Touring-328i330i.html,,eibach-pro-kit-bmw-f31-touring-328i330i,review,0.55,0,
/Webwinkel-Product-175166963/Eibach-Anti-Roll-Kit-BMW-F31-Touring-330d-xDrive335d-xDrive.html,,eibach-pro-kit-bmw-f31-touring-330d-xdrive-335d-xdrive,review,0.58,0,
/Webwinkel-Product-175166965/Eibach-Anti-Roll-Kit-BMW-F31-Touring-335i-xDrive340i-xDrive.html,,eibach-pro-kit-bmw-f31-touring-335i-xdrive340i-xdrive,review,0.67,0,
/Webwinkel-Product-175166967/Eibach-Anti-Roll-Kit-BMW-F31-Touring-335i340i.html,,eibach-anti-roll-kit-bmw-f23-220d,review,0.5,0,
/Webwinkel-Product-175166969/Eibach-Anti-Roll-Kit-BMW-F32-Coupe-418d420d425d.html,,eibach-anti-roll-kit-bmw-e46-coupe-m3,review,0.6,0,
/Webwinkel-Product-175166973/Eibach-Anti-Roll-Kit-BMW-F32-Coupe-420i428i.html,,eibach-anti-roll-kit-bmw-e46-coupe-m3,review,0.6,0,
/Webwinkel-Product-175166975/Eibach-Anti-Roll-Kit-BMW-F32-Coupe-435i430d.html,,eibach-anti-roll-kit-bmw-e46-coupe-m3,review,0.6,0,
/Webwinkel-Product-175166977/Eibach-Anti-Roll-Kit-BMW-F33-Cabrio-420d425d.html,,eibach-anti-roll-kit-bmw-f23-220d,review,0.5,0,
/Webwinkel-Product-175166979/Eibach-Anti-Roll-Kit-BMW-F33-Cabrio-420i428i.html,,eibach-anti-roll-kit-bmw-f23-220d,review,0.5,0,
/Webwinkel-Product-175166981/Eibach-Anti-Roll-Kit-BMW-F33-Cabrio-435i430d.html,,eibach-anti-roll-kit-bmw-f23-220d,review,0.5,0,
/Webwinkel-Product-175166985/Eibach-Anti-Roll-Kit-BMW-F36-Gran-Coupe-418d420d425d.html,,eibach-anti-roll-kit-bmw-e46-coupe-m3,review,0.55,0,
/Webwinkel-Product-175166987/Eibach-Anti-Roll-Kit-BMW-F36-Gran-Coupe-418i420i428i430i.html,,eibach-anti-roll-kit-bmw-e46-coupe-m3,review,0.55,0,
/Webwinkel-Product-175166989/Eibach-Anti-Roll-Kit-BMW-F36-Gran-Coupe-430d.html,,eibach-anti-roll-kit-bmw-e46-coupe-m3,review,0.55,0,
/Webwinkel-Product-175166991/Eibach-Anti-Roll-Kit-BMW-F36-Gran-Coupe-435i440i.html,,eibach-anti-roll-kit-bmw-e46-coupe-m3,review,0.55,0,
/eibach-prokit-bmw-e39-sedan-520d-525td-525tds.html,,eibach-pro-street-s-e39-sedan-520d525d525td525tds530d,review,0.43,0,
/eibach-anti-roll-kit-bmw-e93-cabrio-325d-330d.html,,eibach-pro-kit-bmw-e93-cabrio-325d330d,review,0.64,0,
/Webwinkel-Product-175167001/Eibach-Anti-Roll-Kit-BMW-E91-Touring-323i325i330i.html,,eibach-anti-roll-kit-bmw-f23-220d,review,0.5,0,
/Webwinkel-Product-175167005/Eibach-Anti-Roll-Kit-BMW-E91-Touring-325d330d.html,,eibach-anti-roll-kit-bmw-f23-220d,review,0.5,0,
/Webwinkel-Product-175167007/Eibach-Anti-Roll-Kit-BMW-E91-Touring-335i335d.html,,eibach-pro-kit-bmw-e91-touring-335i335d,review,0.55,0,
/Webwinkel-Product-175167009/Eibach-Anti-Roll-Kit-BMW-E92-Coupe-316i318i320i.html,,eibach-anti-roll-kit-bmw-e46-coupe-m3,review,0.6,0,
/Webwinkel-Product-175167011/Eibach-Anti-Roll-Kit-BMW-E92-Coupe-320d.html,,eibach-anti-roll-kit-bmw-e46-coupe-m3,review,0.6,0,
/Webwinkel-Product-175167015/Eibach-Anti-Roll-Kit-BMW-E92-Coupe-323i325i328i330i.html,,eibach-anti-roll-kit-bmw-e46-coupe-m3,review,0.6,0,
/Webwinkel-Product-175167017/Eibach-Anti-Roll-Kit-BMW-E92-Coupe-325d330d335d.html,,eibach-anti-roll-kit-bmw-e46-coupe-m3,review,0.6,0,
/Webwinkel-Product-175167019/Eibach-Anti-Roll-Kit-BMW-E93-Cabrio-318i-320i.html,,eibach-pro-kit-bmw-e93-cabrio-318i320i,review,0.64,0,
/Webwinkel-Product-175167021/Eibach-Anti-Roll-Kit-BMW-E93-Cabrio-320d.html,,eibach-anti-roll-kit-bmw-f23-220d,review,0.5,0,
/Webwinkel-Product-175167025/Eibach-Anti-Roll-Kit-BMW-E93-Cabrio-325d330d.html,,eibach-pro-kit-bmw-e93-cabrio-325d330d,review,0.55,0,
/Eibach-Anti-Roll-Kit-BMW-F20-114d-116d-118d-120d-125d,,eibach-anti-roll-kit-bmw-f23-220d,none,0.38,0,
/Eibach-Anti-Roll-Kit-BMW-F20-114i-116i-118i-120i-125i,,eibach-pro-kit-bmw-e87-116i118i120i,review,0.43,0,
/Eibach-Anti-Roll-Kit-BMW-F21-114d-116d-118d-120d-125d,,eibach-pro-kit-bmw-f21-120d125d,review,0.46,0,
/Eibach-Anti-Roll-Kit-BMW-F21-114i-116i-118i-120i-125i,,eibach-pro-kit-bmw-e87-116i118i120i,review,0.43,0,
/Eibach-Anti-Roll-Kit-BMW-F22-218d-220d-225d,,eibach-anti-roll-kit-bmw-f23-220d,review,0.6,0,
/Eibach-Anti-Roll-Kit-BMW-F22-218i-220i-228i,,eibach-anti-roll-kit-bmw-f23-220d,review,0.45,0,
/Webwinkel-Product-175167041/Eibach-Anti-Roll-Kit-BMW-F30-Sedan-316d318d320d.html,,eibach-anti-roll-kit-bmw-f30-sedan-325d330d,review,0.64,0,
/Webwinkel-Product-175167043/Eibach-Anti-Roll-Kit-BMW-F30-Sedan-316i318i320i.html,,eibach-anti-roll-kit-bmw-f30-sedan-325d330d,review,0.64,0,
/eibach-anti-roll-kit-bmw-e46-touring-330d.html,,eibach-anti-roll-kit-bmw-e46-coupe-m3,review,0.6,0,
/Eibach-Anti-Roll-Kit-BMW-E46-Sedan-330d,,eibach-anti-roll-kit-bmw-e46-sedan-316i318i,review,0.64,0,
/Webwinkel-Product-175167053/Eibach-Anti-Roll-Kit-BMW-E46-Touring-316i-318i.html,,eibach-anti-roll-kit-bmw-e46-sedan-316i318i,review,0.73,0,
/Webwinkel-Product-175167055/Eibach-Anti-Roll-Kit-BMW-E46-Touring-318d-320d.html,,eibach-pro-kit-bmw-e46-touring-318d320d,review,0.64,0,
/Webwinkel-Product-175167059/Eibach-Anti-Roll-Kit-BMW-E46-Touring-330d.html,,eibach-anti-roll-kit-bmw-e46-coupe-m3,review,0.6,0,
/eibach-anti-roll-kit-bmw-e60-sedan-520d.html,,eibach-anti-roll-kit-bmw-e60-sedan-540i545i550i,review,0.58,0,
/Webwinkel-Product-175167063/Eibach-Anti-Roll-Kit-BMW-E60-Sedan-520i523i525i530i535i.html,,eibach-anti-roll-kit-bmw-e60-sedan-540i545i550i,review,0.58,0,
/Webwinkel-Product-175167069/Eibach-Anti-Roll-Kit-BMW-E60-Sedan-525d530d535d.html,,eibach-anti-roll-kit-bmw-e60-sedan-540i545i550i,review,0.58,0,
/Eibach-Anti-Roll-Kit-BMW-E81-116d-118d-120d-123d,,eibach-anti-roll-kit-bmw-f23-220d,review,0.42,0,
/Eibach-Anti-Roll-Kit-BMW-E81-116i-118i-120i-130i,,eibach-sportline-bmw-e81-116i118i120i,review,0.5,0,
/Eibach-Anti-Roll-Kit-BMW-E82-118d-120d-123d,,eibach-anti-roll-kit-bmw-f23-220d,review,0.45,0,
/Eibach-Anti-Roll-Kit-BMW-E82-120i-125i-135i,,eibach-pro-kit-bmw-e82-120i125i135i,review,0.64,0,
/Eibach-Anti-Roll-Kit-BMW-E87-116d-118d-120d-123d,,eibach-anti-roll-kit-bmw-f23-220d,review,0.42,0,
/Eibach-Anti-Roll-Kit-BMW-E88-118d-120d-123d,,eibach-anti-roll-kit-bmw-f23-220d,review,0.45,0,
/Eibach-Anti-Roll-Kit-BMW-E88-118i-120i-125i-128i-135i,,eibach-pro-kit-bmw-e88-118i120i125i,review,0.54,0,
/Webwinkel-Product-175167151/Eibach-Anti-Roll-Kit-BMW-E90-Sedan-316d318d320d.html,,eibach-anti-roll-kit-bmw-e90-sedan-335i335d,review,0.64,0,
/Webwinkel-Product-175167167/Eibach-Anti-Roll-Kit-BMW-E90-Sedan-325d330d.html,,eibach-anti-roll-kit-bmw-e90-sedan-335i335d,review,0.64,0,
/Eibach-Anti-Roll-Kit-BMW-E46-Cabrio-318Ci,,eibach-anti-roll-kit-bmw-e46-coupe-m3,review,0.6,0,
/Eibach-Anti-Roll-Kit-BMW-E46-Cabrio-320Cd,,eibach-anti-roll-kit-bmw-e46-coupe-m3,review,0.6,0,
/Eibach-Anti-Roll-Kit-BMW-E46-Cabrio-320Ci-323Ci-325Ci-330Ci,,eibach-anti-roll-kit-bmw-e46-coupe-m3,review,0.46,0,
/Eibach-Anti-Roll-Kit-BMW-E46-Cabrio-330Cd,,eibach-anti-roll-kit-bmw-e46-coupe-m3,review,0.6,0,
/Eibach-Anti-Roll-Kit-BMW-E46-Coupe-316Ci-318Ci,,eibach-anti-roll-kit-bmw-e46-coupe-m3,review,0.7,0,
/Eibach-Anti-Roll-Kit-BMW-E46-Coupe-320Ci-323Ci-325Ci-328Ci-330Ci,,eibach-anti-roll-kit-bmw-e46-coupe-m3,review,0.54,0,
/bilstein-b12-sportline-bmw-f32-coupe-420d-425d.html,,bilstein-b12-sportline-f32-coupe-418d,review,0.56,0,
/Webwinkel-Product-175167283/Bilstein-B12-Sportline-F32-Coupe-420d425d.html,,bilstein-b12-sportline-f32-coupe-418d,review,0.71,0,
/Webwinkel-Product-175167287/Bilstein-B12-Sportline-F32-Coupe-420i428i430i.html,,bilstein-b12-sportline-f32-coupe-418d,review,0.71,0,
/Bilstein-B12-Sportline-F20-114i-116i-118i,,bilstein-b12-sportline-e87-116i118i120i,review,0.5,0,
/Bilstein-B12-Sportline-F20-120d-125d,,bilstein-b12-sportline-e81-116d118d120d123d,none,0.36,0,
/Bilstein-B12-Sportline-F20-120i-125i,,bilstein-b12-sportline-e87-116i118i120i,review,0.4,0,
/Bilstein-B12-Sportline-F21-114d-116d-118d,,bilstein-b12-sportline-e81-116d118d120d123d,review,0.45,0,
/Bilstein-B12-Sportline-F21-114i-116i-118i,,bilstein-b12-sportline-e87-116i118i120i,review,0.5,0,
/Bilstein-B12-Sportline-F21-120d-125d,,eibach-sportline-bmw-f21-120d125d,review,0.44,0,
/Bilstein-B12-Sportline-F21-120i-125i,,bilstein-b12-sportline-e87-116i118i120i,review,0.4,0,
/Bilstein-B12-Sportline-F22-218d-220d-225d,,bilstein-b12-pro-kit-f23-220d,none,0.3,0,
/Bilstein-B12-Sportline-F22-218i-220i-228i,,bilstein-b12-sportline-f23-218i220i228i,review,0.67,0,
/Bilstein-B12-Sportline-F23-220d,,bilstein-b12-pro-kit-f23-220d,review,0.57,0,
/Webwinkel-Product-175167389/Bilstein-B12-Sportline-F30-Sedan-316d318d.html,,bilstein-b12-sportline-e39-sedan-525td525tds,review,0.4,0,
/Webwinkel-Product-175167397/Bilstein-B12-Sportline-F30-Sedan-316i318i.html,,bilstein-b12-sportline-e46-sedan-316i318i,review,0.56,0,
/Webwinkel-Product-175167401/Bilstein-B12-Sportline-F30-Sedan-320d325d.html,,bilstein-b12-sportline-e39-sedan-525td525tds,review,0.4,0,
/Webwinkel-Product-175167405/Bilstein-B12-Sportline-F30-Sedan-320i328i330i.html,,bilstein-b12-sportline-e39-sedan-525td525tds,review,0.4,0,
/bilstein-b12-sportline-bmw-f31-touring-320d-325d.html,,bilstein-b12-sportline-e46-touring-318d320d,review,0.45,0,
/Webwinkel-Product-175167413/Bilstein-B12-Sportline-F31-Touring-316i318i.html,,bilstein-b12-sportline-e46-touring-316i318i,review,0.56,0,
/Webwinkel-Product-175167415/Bilstein-B12-Sportline-F31-Touring-320d325d.html,,bilstein-b12-sportline-f31-touring-320i328i330i,review,0.5,0,
/Webwinkel-Product-175167433/Bilstein-B12-Sportline-E46-Touring-328i330i.html,,bilstein-b12-sportline-e46-touring-316i318i,review,0.56,0,
/bilstein-b12-sportline-bmw-e60-sedan-520d.html,,bilstein-b12-sportline-e60-sedan-530i535i,review,0.5,0,
/Webwinkel-Product-175167447/Bilstein-B12-Sportline-E60-Sedan-520i523i525i.html,,bilstein-b12-sportline-e60-sedan-530i535i,review,0.56,0,
/bilstein-b12-sportline-bmw-e60-sedan-525d-530d-535d.html,,bilstein-b12-pro-kit-e60-sedan-525d530d535d,review,0.58,0,
/bilstein-b12-sportline-bmw-e81-116i-118i-120i.html,,bilstein-b12-sportline-e87-116i118i120i,review,0.6,0,
/Bilstein-B12-Sportline-E81-130i,,eibach-sportline-bmw-e81-130i,review,0.43,0,
/Bilstein-B12-Sportline-E87-116d-118d-120d-123d,,bilstein-b12-sportline-e81-116d118d120d123d,review,0.7,0,
/Bilstein-B12-Sportline-E87-130i,,bilstein-b12-pro-kit-e87-130i,review,0.57,0,
/bilstein-b12-sportline-bmw-e90-sedan-316d-318d-320d.html,,bilstein-b12-sportline-e91-touring-316d318d320d,review,0.5,0,
/Webwinkel-Product-175167499/Bilstein-B12-Sportline-E90-Sedan-323i325i.html,,bilstein-b12-sportline-e90-sedan-320i320si,review,0.56,0,
/bilstein-b12-prokit-bmw-x4-f26-xdrive30d-xdrive35d.html,,bilstein-b12-pro-kit-x4-f26-xdrive30dxdrive35d,review,0.55,0,
/bilstein-b12-prokit-bmw-x6-f71-xdrive30d-xdrive35d-xdrive40d.html,,bilstein-b12-pro-kit-x4-f26-xdrive30dxdrive35d,none,0.29,0,
/bilstein-b12-prokit-bmw-z4-e85-25si-30si.html,,bilstein-b12-pro-kit-z4-e85-25si30si,review,0.55,0,
/bilstein-b12-prokit-bmw-z4-e86-m.html,,bilstein-b12-pro-kit-z4-e86-m,review,0.56,0,
/bilstein-b12-prokit-bmw-z4-e86-30si.html,,bilstein-b12-pro-kit-z4-e86-30si,review,0.56,0,
/bilstein-b12-prokit-bmw-z4-e89-sdrive23i-sdrive28i-sdrive30i.html,,bilstein-b12-pro-kit-z4-e89-sdrive23isdrive28isdrive30i,review,0.58,0,
/bilstein-b12-prokit-bmw-z4-e89-sdrive35i-sdrive35is.html,,bilstein-b12-pro-kit-z4-e89-sdrive35isdrive35is,review,0.55,0,
/Webwinkel-Product-175167535/Bilstein-B12-Sportline-E39-Sedan-520i523i.html,,bilstein-b12-sportline-e39-sedan-525td525tds,review,0.56,0,
/Webwinkel-Product-175167537/Bilstein-B12-Sportline-E39-Sedan-525i528i530i.html,,bilstein-b12-sportline-e39-sedan-525td525tds,review,0.56,0,
/bilstein-b12-sportline-bmw-e46-coupe-316ci-318ci.html,,bilstein-b12-sportline-f32-coupe-418d,review,0.4,0,
/Bilstein-B12-Sportline-E46-Coupe-320Ci-323Ci-325Ci,,bilstein-b12-sportline-f32-coupe-418d,review,0.4,0,
/Bilstein-B12-Sportline-E46-Coupe-328Ci-330Ci,,bilstein-b12-sportline-f32-coupe-418d,review,0.44,0,
/Bilstein-B12-Sportline-E46-Sedan-318d-320d,,bilstein-b12-sportline-e46-touring-318d320d,review,0.67,0,
/Bilstein-B12-Sportline-E46-Sedan-320i-323i-325i-328i,,bilstein-b12-pro-kit-e46-touring-320i325i328i330i,review,0.43,0,
/Bilstein-B12-Sportline-E46-Sedan-330i,,bilstein-b12-sportline-e46-sedan-316i318i,review,0.56,0,
/bilstein-b12-prokit-bmw-f36-gran-coupe-420d-425d.html,,bilstein-b12-pro-kit-f36-gran-coupe-420d425d,review,0.58,0,
/bilstein-b12-prokit-bmw-f36-gran-coupe-430d.html,,bilstein-b12-pro-kit-f36-gran-coupe-420d425d,none,0.38,0,
/bilstein-b12-prokit-bmw-x1-e84-sdrive20i-sdrive28i.html,,bilstein-b12-pro-kit-x1-e84-sdrive20isdrive28i,review,0.55,0,
/Webwinkel-Product-175167567/Bilstein-B12-Pro-kit-X1-E84-sDrive16isDrive18i.html,,bilstein-b12-pro-kit-x1-e84-sdrive20isdrive28i,review,0.6,0,
/bilstein-b12-prokit-bmw-x1-e84-xdrive23d-xdrive25d.html,,eibach-pro-lift-kit-x1-e84-xdrive23dxdrive25d,none,0.31,0,
/Webwinkel-Product-175167573/Bilstein-B12-Pro-kit-X1-E84-xDrive20ixDrive25i.html,,bilstein-b12-pro-kit-x1-e84-sdrive20isdrive28i,review,0.6,0,
"/Bilstein-B12-Pro-kit-X1-E84-xDrive23d,xDrive25d",,eibach-pro-lift-kit-x1-e84-xdrive23dxdrive25d,review,0.55,0,
/bilstein-b12-prokit-bmw-x3-xdrive20d-xdrive30d-xdrive35d.html,,bilstein-b12-pro-kit-x4-f26-xdrive30dxdrive35d,none,0.31,0,
/Webwinkel-Product-175167581/Bilstein-B12-Pro-kit-X3-E83-25i25si30si.html,,bilstein-b12-pro-kit-x3-e83-xdrive25ixdrive28ixdrive30i,review,0.55,0,
/Webwinkel-Product-175167583/Bilstein-B12-Pro-kit-X3-E83-25sixDrive-30ixDrive.html,,bilstein-b12-pro-kit-x3-e83-xdrive25ixdrive28ixdrive30i,review,0.5,0,
/Webwinkel-Product-175167585/Bilstein-B12-Pro-kit-X3-E83-xDrive20dxDrive30dxDrive35d.html,,bilstein-b12-pro-kit-x3-e83-xdrive25ixdrive28ixdrive30i,review,0.55,0,
/bilstein-b12-prokit-bmw-x4-f26-xdrive20d.html,,bilstein-b12-pro-kit-x4-f26-xdrive20ixdrive28i,none,0.33,0,
"/Bilstein-B12-Pro-kit-X3-F25-xDrive20i,xDrive28i,xDrive35i",,bilstein-b12-pro-kit-x1-e84-xdrive28ixdrive35i,review,0.5,0,
/Webwinkel-Product-175167593/Bilstein-B12-Pro-kit-X3-F25-xDrive30dxDrive35d.html,,bilstein-b12-pro-kit-x4-f26-xdrive30dxdrive35d,review,0.45,0,
/Webwinkel-Product-175167595/Bilstein-B12-Pro-kit-X3-F25-xDrive35i.html,,bilstein-b12-pro-kit-x6-e71-xdrive35i,review,0.56,0,
/Webwinkel-Product-175167597/Bilstein-B12-Pro-kit-X4-F26-M40i.html,,bilstein-b12-pro-kit-x4-f26-xdrive20ixdrive28i,review,0.6,0,
/Webwinkel-Product-175167599/Bilstein-B12-Pro-kit-X4-F26-xDrive20d.html,,bilstein-b12-pro-kit-x4-f26-xdrive20ixdrive28i,review,0.6,0,
/bilstein-b12-prokit-bmw-f32-coupe-420d-425d.html,,bilstein-b12-sportline-f32-coupe-418d,review,0.4,0,
/Webwinkel-Product-175167609/Bilstein-B12-Pro-kit-F30-Sedan-328i.html,,bilstein-b12-pro-kit-e46-sedan-330xd,review,0.56,0,
/Webwinkel-Product-175167611/Bilstein-B12-Pro-kit-F31-Touring-316d318d.html,,bilstein-b12-pro-kit-f31-touring-335i340i,review,0.6,0,
/Webwinkel-Product-175167613/Bilstein-B12-Pro-kit-F31-Touring-316i318i.html,,bilstein-b12-pro-kit-f31-touring-335i340i,review,0.6,0,
/Webwinkel-Product-175167617/Bilstein-B12-Pro-kit-F31-Touring-320d325d.html,,bilstein-b12-pro-kit-f31-touring-335i340i,review,0.6,0,
/Webwinkel-Product-175167621/Bilstein-B12-Pro-kit-F31-Touring-325d330d.html,,bilstein-b12-pro-kit-f31-touring-335i340i,review,0.6,0,
/Webwinkel-Product-175167625/Bilstein-B12-Pro-kit-F32-Coupe-418d.html,,bilstein-b12-sportline-f32-coupe-418d,review,0.62,0,
/Webwinkel-Product-175167627/Bilstein-B12-Pro-kit-F32-Coupe-418i.html,,bilstein-b12-pro-kit-f32-coupe-435i440i,review,0.6,0,
/Webwinkel-Product-175167629/Bilstein-B12-Pro-kit-F32-Coupe-420d425d.html,,bilstein-b12-pro-kit-f32-coupe-435i440i,review,0.6,0,
/Webwinkel-Product-175167631/Bilstein-B12-Pro-kit-F32-Coupe-420i428i430i.html,,bilstein-b12-pro-kit-f32-coupe-435i440i,review,0.6,0,
/bilstein-b12-prokit-bmw-f32-coupe-435i-440i.html,,bilstein-b12-pro-kit-f32-coupe-435i440i,review,0.55,0,
/bilstein-b12-prokit-bmw-f33-cabrio-420d-425d.html,,bilstein-b12-pro-kit-f33-cabrio-425d,review,0.5,0,
/bilstein-b12-prokit-bmw-f33-cabrio-425d.html,,bilstein-b12-pro-kit-f33-cabrio-425d,review,0.56,0,
/bilstein-b12-prokit-bmw-f33-cabrio-430d.html,,bilstein-b12-pro-kit-f33-cabrio-425d,review,0.4,0,
/Webwinkel-Product-175167649/Bilstein-B12-Pro-kit-F36-Gran-Coupe-418d.html,,bilstein-b12-pro-kit-f36-gran-coupe-420d425d,review,0.64,0,
/Webwinkel-Product-175167651/Bilstein-B12-Pro-kit-F36-Gran-Coupe-418i.html,,bilstein-b12-pro-kit-f36-gran-coupe-420d425d,review,0.64,0,
/Bilstein-B12-Pro-kit-F23-218i-220i-228i,,bilstein-b12-sportline-f23-218i220i228i,review,0.6,0,
/Bilstein-B12-Pro-kit-F23-M235i,,bilstein-b12-pro-kit-f23-220d,review,0.71,0,
/bilstein-b12-prokit-bmw-f13-coupe-640d.html,,bilstein-b12-pro-kit-f13-coupe-640i,review,0.4,0,
/Bilstein-B12-Pro-kit-F20-114d-116d-118d-120d-125d,,bilstein-b12-sportline-e81-116d118d120d123d,none,0.36,0,
/Bilstein-B12-Pro-kit-F20-114i-116i-118i-120i-125i,,bilstein-b12-pro-kit-e87-116i118i120i,review,0.58,0,
/bilstein-b12-prokit-bmw-f21-118d-120d-xdrive.html,,bilstein-b12-pro-kit-f21-m135i-xdrive,none,0.36,0,
/Bilstein-B12-Pro-kit-F20-125d,,bilstein-b12-pro-kit-e87-130i,review,0.5,0,
/Bilstein-B12-Pro-kit-F20-M135i,,bilstein-b12-pro-kit-f21-m135i-xdrive,review,0.62,0,
/Bilstein-B12-Pro-kit-F21-114d-116d-118d-120d-125d,,bilstein-b12-pro-kit-f21-m135i-xdrive,review,0.42,0,
/Bilstein-B12-Pro-kit-F21-125d,,bilstein-b12-pro-kit-f21-m135i-xdrive,review,0.62,0,
/Bilstein-B12-Pro-kit-F22-218d-220d,,bilstein-b12-pro-kit-f23-220d,review,0.62,0,
/Bilstein-B12-Pro-kit-F22-218i-220i-228i,,bilstein-b12-pro-kit-f22-m235i,review,0.56,0,
/Bilstein-B12-Pro-kit-F22-225d,,bilstein-b12-pro-kit-f22-m235i,review,0.71,0,
/bilstein-b12-prokit-bmw-e93-cabrio-320d.html,,bilstein-b12-pro-kit-e92-cabrio-320d,review,0.4,0,
/bilstein-b12-prokit-bmw-e93-cabrio-335i.html,,bilstein-b12-pro-kit-e92-cabrio-335i,review,0.4,0,
/bilstein-b12-prokit-bmw-e93-cabrio-325d-330d.html,,bilstein-b12-pro-kit-e92-cabrio-325d330d,review,0.42,0,
/bilstein-b12-prokit-bmw-e92-coupe-320d.html,,bilstein-b12-pro-kit-e92-coupe-335i,review,0.4,0,
/Webwinkel-Product-175167713/Bilstein-B12-Pro-kit-E92-Coupe-320d.html,,bilstein-b12-pro-kit-e92-coupe-335i,review,0.75,0,
/bilstein-b12-prokit-bmw-e92-coupe-335d.html,,bilstein-b12-pro-kit-e92-coupe-335i,review,0.4,0,
/bilstein-b12-prokit-bmw-e92-coupe-m3.html,,bilstein-b12-pro-kit-e46-coupe-m3,review,0.4,0,
/bilstein-b12-prokit-bmw-f10-sedan-518d-520d.html,,bilstein-b12-pro-kit-f10-sedan-535i,none,0.36,0,
/Webwinkel-Product-175167731/Bilstein-B12-Pro-kit-F10-Sedan-520i523i.html,,bilstein-b12-pro-kit-f10-sedan-535i,review,0.75,0,
/bilstein-b12-prokit-bmw-f10-sedan-525d-530d-535d.html,,bilstein-b12-pro-kit-e60-sedan-525d530d535d,review,0.46,0,
/bilstein-b12-prokit-bmw-f10-sedan-550i.html,,bilstein-b12-pro-kit-f10-sedan-550i,review,0.56,0,
/bilstein-b12-prokit-bmw-f11-touring-518d-520d.html,,bilstein-b12-pro-kit-f11-touring-535i,none,0.36,0,
/bilstein-b12-prokit-bmw-f11-touring-525d-530d-535d.html,,eibach-pro-kit-bmw-f11-touring-525d530d535d,review,0.46,0,
/bilstein-b12-prokit-bmw-f12-cabrio-640d.html,,bilstein-b12-pro-kit-f12-cabrio-640i,review,0.4,0,
/bilstein-b12-prokit-bmw-e88-cabrio-118d-120d-123d.html,,bilstein-b12-sportline-e81-116d118d120d123d,none,0.38,0,
/Webwinkel-Product-175167759/Bilstein-B12-Pro-kit-E88-118i120i.html,,bilstein-b12-pro-kit-e87-130i,review,0.5,0,
/bilstein-b12-prokit-bmw-e90-sedan-316d-318d-320d.html,,bilstein-b12-pro-kit-f30-sedan-316d318d320d,review,0.46,0,
/bilstein-b12-prokit-bmw-e90-sedan-316i-318i-320i-320si.html,,bilstein-b12-pro-kit-e90-sedan-316i318i320i320si,review,0.62,0,
/bilstein-b12-prokit-bmw-e90-sedan-325xi-330xi.html,,bilstein-b12-pro-kit-e90-sedan-325xi330xi,review,0.55,0,
/bilstein-b12-prokit-bmw-e90-sedan-325d-330d.html,,bilstein-b12-pro-kit-e46-sedan-330d,none,0.36,0,
/bilstein-b12-prokit-bmw-e90-sedan-330xd.html,,bilstein-b12-pro-kit-e90-sedan-330xd,review,0.56,0,
/bilstein-b12-prokit-bmw-e91-touring-320xd-325xi-330xi.html,,bilstein-b12-pro-kit-e91-touring-320xd325xi330xi,review,0.58,0,
/bilstein-b12-prokit-bmw-e91-touring-335d.html,,bilstein-b12-pro-kit-e91-touring-335xi,review,0.4,0,
/Webwinkel-Product-175167791/Bilstein-B12-Pro-kit-E91-Touring-335d.html,,bilstein-b12-pro-kit-e91-touring-335xi,review,0.75,0,
/bilstein-b12-prokit-bmw-e91-touring-335xd.html,,bilstein-b12-pro-kit-e91-touring-335xi,review,0.4,0,
/bilstein-b12-prokit-bmw-e46-touring-330d.html,,bilstein-b12-pro-kit-e46-sedan-330d,review,0.4,0,
/bilstein-b12-prokit-bmw-e60-sedan-520d.html,,bilstein-b12-sportline-e60-sedan-530i535i,none,0.36,0,
/bilstein-b12-prokit-bmw-e60-sedan-525d-530d-535d.html,,bilstein-b12-pro-kit-e60-sedan-525d530d535d,review,0.58,0,
/bilstein-b12-prokit-bmw-e61-touring-520d.html,,bilstein-b12-pro-kit-e61-touring-530i,review,0.4,0,
/bilstein-b12-prokit-bmw-e61-touring-525d-530d-535d.html,,bilstein-b12-pro-kit-e39-touring-525d530d,none,0.38,0,
/bilstein-b12-prokit-bmw-e63-coupe-630i.html,,bilstein-b12-pro-kit-e63-coupe-630i,review,0.56,0,
/bilstein-b12-prokit-bmw-e63-coupe-635d.html,,bilstein-b12-pro-kit-e63-coupe-630i,review,0.4,0,
/bilstein-b12-prokit-bmw-e64-cabrio-630i.html,,bilstein-b12-pro-kit-e64-cabrio-630i,review,0.56,0,
/bilstein-b12-prokit-bmw-e64-cabrio-635d.html,,bilstein-b12-pro-kit-e64-cabrio-630i,review,0.4,0,
/bilstein-b12-prokit-bmw-e81-116d-118d-120d-123d.html,,bilstein-b12-sportline-e81-116d118d120d123d,review,0.64,0,
/bilstein-b12-prokit-bmw-e81-116i-118i-120i.html,,bilstein-b12-sportline-e87-116i118i120i,review,0.45,0,
/Bilstein-B12-Pro-kit-E81-130i,,bilstein-b12-pro-kit-e87-130i,review,0.71,0,
/bilstein-b12-prokit-bmw-e82-coupe-118d-120d-123d.html,,bilstein-b12-sportline-e81-116d118d120d123d,none,0.38,0,
/Bilstein-B12-Pro-kit-E87-116d-118d-120d-123d,,bilstein-b12-pro-kit-e87-130i,review,0.5,0,
/bilstein-b12-prokit-bmw-e46-touring-318d-320d.html,,bilstein-b12-sportline-e46-touring-318d320d,review,0.6,0,
/bilstein-b12-prokit-bmw-e46-cabrio-m3.html,,bilstein-b12-pro-kit-e46-cabrio-318ci,review,0.4,0,
/bilstein-b12-prokit-bmw-e46-compact-316ti-318ti.html,,bilstein-b12-pro-kit-e46-compact-316ti318ti,review,0.55,0,
/bilstein-b12-prokit-bmw-e46-compact-318td-320td.html,,eibach-sportline-bmw-e46-compact-325ti318td320td,review,0.42,0,
/bilstein-b12-prokit-bmw-e46-coupe-316i-318i.html,,bilstein-b12-sportline-e46-sedan-316i318i,review,0.45,0,
/Bilstein-B12-Pro-kit-E46-Sedan-316i-318i,,bilstein-b12-pro-kit-e46-sedan-330xd,review,0.67,0,
/Bilstein-B12-Pro-kit-E46-Sedan-318d-320d,,bilstein-b12-pro-kit-e46-sedan-330xd,review,0.67,0,
/Bilstein-B12-Pro-kit-E46-Sedan-320i-323i-325i-328i-330i,,bilstein-b12-pro-kit-e46-touring-320i325i328i330i,review,0.69,0,
/bilstein-b12-prokit-bmw-e46-sedan-325xi-330xi.html,,bilstein-b12-pro-kit-e46-sedan-325xi330xi,review,0.55,0,
/bilstein-b12-prokit-bmw-e46-sedan-330xd.html,,bilstein-b12-pro-kit-e46-sedan-330xd,review,0.56,0,
/Webwinkel-Product-175167891/Bilstein-B12-Pro-kit-E46-Touring-316i318i.html,,bilstein-b12-pro-kit-e39-touring-540i,review,0.56,0,
/Webwinkel-Product-175167893/Bilstein-B12-Pro-kit-E46-Touring-318d320d.html,,bilstein-b12-pro-kit-e39-touring-540i,review,0.56,0,
/bilstein-b12-prokit-bmw-e39-sedan-520d-525td-525tds.html,,bilstein-b12-sportline-e39-sedan-525td525tds,review,0.55,0,
/Webwinkel-Product-175167905/Bilstein-B12-Pro-kit-E39-Sedan-520i523i.html,,bilstein-b12-pro-kit-e39-sedan-525d530d,review,0.6,0,
/bilstein-b12-prokit-bmw-e39-sedan-525d-530d.html,,bilstein-b12-pro-kit-e39-sedan-525d530d,review,0.55,0,
/bilstein-b12-prokit-bmw-e39-sedan-535i-540i.html,,bilstein-b12-pro-kit-e39-sedan-535i540i,review,0.55,0,
/bilstein-b12-prokit-bmw-e39-touring-520d-525tds.html,,bilstein-b12-pro-kit-e39-touring-540i,none,0.36,0,
/bilstein-b12-prokit-bmw-e39-touring-520d-525tds-.html,,bilstein-b12-pro-kit-e39-touring-540i,none,0.36,0,
/bilstein-b12-prokit-bmw-e39-touring-525d-530d.html,,bilstein-b12-pro-kit-e39-touring-525d530d,review,0.55,0,
/bilstein-b12-prokit-bmw-e39-touring-525d-530d-.html,,bilstein-b12-pro-kit-e39-touring-525d530d,review,0.55,0,
/bilstein-b12-prokit-bmw-e39-touring-540i.html,,bilstein-b12-pro-kit-e39-touring-540i,review,0.56,0,
/ap-suspension-schroefset-bmw-5-serie-e39-sedan.html,,ap-suspension-bmw-5-serie-e39-sedan,review,0.88,0,
/ap-suspension-schroefset-bmw-5-serie-e39-touring.html,,ap-suspension-bmw-5-serie-e39-touring,review,0.88,0,
/ap-suspension-schroefset-bmw-5serie-e39-touring.html,,ap-suspension-bmw-5-serie-e39-touring,review,0.56,0,
/ap-suspension-schroefset-bmw-3-serie-e46-cabrio.html,,ap-suspension-bmw-3-serie-e93-cabrio,review,0.67,0,
/ap-suspension-schroefset-bmw-3serie-e46-touring.html,,ap-suspension-bmw-3-serie-e46-touring,review,0.56,0,
/ap-suspension-schroefset-bmw-3serie-e46-m3-cabrio.html,,cobra-suspension-schroefset-evo-s-bmw-e46-cabrio,review,0.45,0,
/Webwinkel-Product-175167959/AP-Suspension-BMW-3-Serie-E46-Sedan.html,,ap-suspension-bmw-3-serie-e46-compact,review,0.75,0,
/Webwinkel-Product-175167961/AP-Suspension-BMW-3-Serie-E46-Sedan.html,,ap-suspension-bmw-3-serie-e46-compact,review,0.75,0,
/ap-suspension-schroefset-bmw-4-serie-f32-coupe.html,,ap-suspension-bmw-2-serie-f22-coupe,review,0.5,0,
/ap-suspension-schroefset-bmw-4serie-f32-coupe.html,,ap-suspension-bmw-z4-e86-coupe,review,0.44,0,
/ap-suspension-schroefset-bmw-4-serie-f33-cabrio.html,,ap-suspension-bmw-4-serie-f33-cabrio,review,0.88,0,
/ap-suspension-schroefset-bmw-4serie-f33-cabrio.html,,ap-suspension-bmw-4-serie-f33-cabrio,review,0.56,0,
/Webwinkel-Product-175167983/AP-Suspension-BMW-4-Serie-F32-Coupe.html,,ap-suspension-bmw-2-serie-f22-coupe,review,0.56,0,
/Webwinkel-Product-175167985/AP-Suspension-BMW-4-Serie-F32-Coupe.html,,ap-suspension-bmw-2-serie-f22-coupe,review,0.56,0,
/ap-suspension-schroefset-bmw-1-serie-e81.html,,ap-suspension-bmw-1-serie-e88-cabrio,review,0.56,0,
/Webwinkel-Product-175167993/AP-Suspension-BMW-1-Serie-E82-Coupe.html,,ap-suspension-bmw-2-serie-f22-coupe-1,review,0.67,0,
/Webwinkel-Product-175167999/AP-Suspension-BMW-1-Serie-F20-F20LCI-M135i.html,,ap-suspension-bmw-1-serie-e88-cabrio,review,0.5,0,
/Webwinkel-Product-175168003/AP-Suspension-BMW-1-Serie-F20-F20LCI.html,,ap-suspension-bmw-1-serie-e88-cabrio,review,0.56,0,
/Webwinkel-Product-175168005/AP-Suspension-BMW-1-Serie-F21-F21LCI-M135i.html,,ap-suspension-bmw-1-serie-e88-cabrio,review,0.5,0,
/Webwinkel-Product-175168007/AP-Suspension-BMW-1-Serie-F21-F21LCI.html,,ap-suspension-bmw-1-serie-e88-cabrio,review,0.56,0,
/Webwinkel-Product-175168009/AP-Suspension-BMW-1-Serie-F21-F21LCI.html,,ap-suspension-bmw-1-serie-e88-cabrio,review,0.56,0,
/Webwinkel-Product-175168011/AP-Suspension-BMW-2-Serie-F22-Coupe-M235i.html,,ap-suspension-bmw-2-serie-f22-coupe,review,0.88,0,
/ap-suspension-schroefset-bmw-3-serie-e36-touring.html,,ap-suspension-bmw-3-serie-e36-touring,review,0.88,0,
/ap-suspension-schroefset-bmw-3serie-e36-m3-cabrio.html,,cobra-suspension-schroefset-evo-s-bmw-e36-cabrio,review,0.45,0,
/Webwinkel-Product-175168035/AP-Suspension-BMW-3-Serie-E36-Sedan.html,,ap-suspension-bmw-3-serie-e36-touring,review,0.75,0,
/Webwinkel-Product-175168037/AP-Suspension-BMW-3-Serie-E36-Sedan.html,,ap-suspension-bmw-3-serie-e36-touring,review,0.75,0,
/ap-suspension-schroefset-bmw-z3-coupe.html,,ap-suspension-bmw-z3-roadster,review,0.57,0,
/eibach-prokit-bmw-e81-130i.html,,eibach-sportline-bmw-e81-130i,review,0.67,0,
/eibach-prokit-bmw-e87-130i.html,,eibach-pro-kit-bmw-e87-130i,review,0.57,0,
/Eibach-Pro-Kit-BMW-F20-120i-125i,,eibach-pro-kit-bmw-e82-120i125i135i,review,0.6,0,
/Eibach-Pro-Kit-BMW-F20-114d-116d-118d,,eibach-pro-street-s-f21-114d116d118d,review,0.42,0,
/Eibach-Pro-Kit-BMW-F20-120d-125d,,eibach-pro-kit-bmw-f21-120d125d,review,0.67,0,
/Eibach-Sportline-BMW-F20-120i-125i,,eibach-sportline-bmw-e81-116i118i120i,review,0.4,0,
/Eibach-Sportline-BMW-F20-114d-116d-118d,,eibach-pro-street-s-f21-114d116d118d,none,0.33,0,
"/Eibach-Sportline-BMW-F20-120d,125d",,eibach-sportline-bmw-f21-120d125d,review,0.62,0,
/Eibach-Sportline-BMW-F21-120i-125i,,eibach-sportline-bmw-f21-120d125d,review,0.44,0,
/Eibach-Sportline-BMW-F21-114d-116d-118d,,eibach-pro-street-s-f21-114d116d118d,review,0.45,0,
/Eibach-Pro-Street-S-E46-Sedan-325i-328i,,eibach-pro-street-s-e46-sedan-325i328i,review,0.89,0,
/eibach-pro-street-s-bmw-3-serie-e46-sedan-325i-328i-330i.html,,eibach-pro-street-s-e46-sedan-325i328i330i,review,0.69,0,
/bmw-M-Performance-middenconsolepaneel-transmissiebediening-F20-F21-F22-F23,,m-performance-carbon-handremgreep-f20f21f22f23,review,0.5,0,
/BMW-M-Performance-dorpelfoliën-F82-F83-M4,,m-performance-dorpelfolien-f80-m3-f82f83-m4,review,0.58,0,
/BMW-M-Performance-diffusor-mat-zwart-F30-F31-335i-340i,,m-performance-diffuser-mat-zwart-f30f31,review,0.5,0,
/BMW-M-Performance-diffusor-F20-F21-m135i,,m-performance-diffuser-f20f21-m135i,review,0.56,0,
/bmw-performance-keuzehendel-e9x-e8x.html,,bmw-performance-alcantara-stuurafdekking-e8x-e9x,review,0.57,0,
/M-Performance-diffusor-mat-zwart-F22/F23,,m-performance-diffuser-mat-zwart-f22f23,review,0.67,0,
/BMW-M-Performance-voetsteun-F10-F11,,m-performance-voetsteun-f10f11,review,0.71,0,
/bmw-performance-schakelknop-5gang.html,,performance-schakelknop-5gang-e8x-e46,review,0.5,0,
/bmw-m-performance-automatten-x3-x4-.html,,m-performance-mattenset-x3-g01-x4-g02,review,0.44,0,
/bmw-m-performance-sierstrips-flank-f80-m3.html,,m-performance-sierroosters-f80-m3,review,0.5,0,
/BMW-M-Performance-dorpelfoliën-F21-F22/F23,,m-performance-dorpelfolien-f21-f22f23,review,0.7,0,
/BMW-Zijknipperlichten-wit-E46,,zijknipperlichten-wit-e46-m3,review,0.6,0,
/bmw-m-performance-led-dorpellijsten-x3-x4.html,,m-performance-led-dorpellijsten-x3-f25-x4-f26,review,0.67,0,
/bmw-sleuteletui-sportline.html,,sleuteletui-sportline,review,0.67,0,
/bmw-uitlaatsierstukken-verchroomd-e60-e61.html,,bmw-mattenset-velours-e60e61,none,0.38,0,
/bmw-e46-leder-pookhoes-,,bmw-pookhoes-kunstleder-e46,review,0.6,0,
/bmw-e46-na-inbouw-aux-aansluiting.html,,na-inbouw-aux-aansluiting-e46,review,0.83,0,
/M-Performance-carbon-interieurkit-F87-M2,,m-performance-carbon-stuurwielpaneel-f87-m2,review,0.71,0,
/bmw-sleutelembleem,,sleutelembleem,review,0.5,0,
/bmw-naafembleem-58mm,,naafembleem-58mm-licht-bollend,review,0.4,0,
/BMW-M-schakelknop-F30-F31-F34,,bmw-m-diffuser-f30f31,review,0.5,0,
/Eibach-Pro-Lift-Kit-X1-E84-sDrive16i-sDrive18i,,eibach-pro-lift-kit-x1-e84-xdrive23dxdrive25d,review,0.55,0,
/Eibach-Pro-Lift-Kit-X1-E84-sDrive20i-sDrive28i,,eibach-pro-kit-bmw-x1-e84-sdrive28i,review,0.67,0,
/Eibach-Pro-Lift-Kit-X1-E84-xDrive20i-xDrive25i,,eibach-pro-lift-kit-x1-e84-xdrive23dxdrive25d,review,0.55,0,
/Eibach-Pro-Lift-Kit-X1-E84-xDrive28i-xDrive35i,,eibach-pro-kit-bmw-x1-e84-xdrive35i,review,0.67,0,
/Eibach-Pro-Lift-Kit-X1-E84-xDrive18d-xDrive20d,,eibach-pro-lift-kit-x1-e84-xdrive23dxdrive25d,review,0.55,0,
/Eibach-Pro-Lift-Kit-X3-F25-xDrive20i-xDrive28i-xDrive35i,,eibach-pro-kit-bmw-x4-f26-xdrive20i-xdrive28i,review,0.42,0,
/Eibach-Pro-Lift-Kit-X3-F25-xDrive20d,,eibach-pro-lift-kit-x4-f26-xdrive20d,review,0.56,0,
/Eibach-Pro-Lift-Kit-X3-F25-xDrive35i,,eibach-pro-lift-kit-x4-f26-xdrive20d,review,0.4,0,
/Eibach-Pro-Lift-Kit-X3-F25-xDrive30d-xDrive35d,,eibach-pro-lift-kit-x4-f26-xdrive30dxdrive35d,review,0.55,0,
/Eibach-Pro-Lift-Kit-X4-F26-xDrive35i,,eibach-pro-lift-kit-x4-f26-xdrive20d,review,0.75,0,
/Eibach-Pro-Lift-Kit-X4-F26-M40i,,eibach-pro-lift-kit-x4-f26-xdrive20d,review,0.75,0,
/bmw-m-performance-voetsteun.html,,bmw-sleuteletui-m-performance,review,0.6,0,
/BMW-M-Performance-mat-zwart-opzetstuk-F82-F83-M4,,m-performance-mat-zwart-opzetstuk-f22,review,0.5,0,
/M-Performance-carbon-frontsplitters-F82/F83-M4,,m-performance-carbon-dorpellijsten-f33-f83-m4,review,0.56,0,
/Kabelboom-voor-BMW-M-Performance-Black-line-achterlichten-F3x,,kabelboom-voor-m-performance-black-line-achterlichten-f30f31,review,0.58,0,
/bmw-sleuteletui-82292344033.html,,bmw-sleuteletui-crystal,review,0.5,0,
/bmw-e46-afdekking-grijs.html,,bmw-e46-bekerhouder-grijs,review,0.6,0,
/Modern-line-grille-Titan-F10LCI/F11LCI,,modern-line-grille-titanmatt-chrome-f10lcif11lci,review,0.6,0,
/BMW-M-Performance-dorpelfoliën-F20/F20LCI,,m-performance-dorpelfolien-f20f20lci,review,0.67,0,
/Dubbelspaak-grille-hoogglans-zwart-E46-Sedan/Touring,,dubbelspaak-grille-hoogglans-zwart-e46-sedantouring-0901,review,0.64,0,
/Grille-mat-zwart-E46-Sedan/Touring-09/01-,,grille-mat-zwart-e46-sedantouring-0901,review,0.8,0,
/Grille-mat-zwart-E85/E86,,grille-mat-zwart-z4-e85e86,review,0.71,0,
/Grille-mat-zwart-F30/F30LCI-F31/F31LCI-,,grille-mat-zwart-f30f30lci-f31f31lci,review,0.78,0,
/Dubbelspaak-grille-mat-zwart-F32-F33-F36,,grille-hoogglans-zwart-f32-f33-f36,review,0.62,0,
/M-Performance-dorpelfoliën-F32/F33/F36,,m-performance-dorpelfolien-set-f32f33f36,review,0.7,0,
/bmw-m-performance-grille-x3-x4.html,,bmw-m-performance-grille-f44,review,0.57,0,
/Grille-mat-zwart-X5-X6,,grille-mat-zwart-x5-f15-x6-f16,review,0.71,0,
/KN-Vervangingsfilter-E36-4-cil,,kn-vervangingsfilter-e36-z3-4-cil,review,0.62,0,
/KN-Vervangingsfilter-E36-Z3,,kn-vervangingsfilter-e36-z3-4-cil,review,0.5,0,
/KN-Vervangingsfilter-4/6-cil,,kn-vervangingsfilter-e36-z3-4-cil,review,0.44,0,
/KN-Vervangingsfilter-E39,,kn-vervangingsfilter-mini,none,0.33,0,
/KN-Vervangingsfilter-E39-520d,,kn-vervangingsfilter-mini,none,0.29,0,
/KN-Vervangingsfilter-E60/E61-545i-E63/E64-645CSi,,kn-vervangingsfilter-e60e61-545i-e63e64-645csi,review,0.67,0,
/KN-Vervangingsfilter-E60/E61-E63/E64,,kn-vervangingsfilter-e60e61-e63e64,review,0.6,0,
/KN-Vervangingsfilter-M5-M6-S85,,set-kn-vervangingsfilter-m5-m6-s85,review,0.62,0,
/KN-Vervangingsfilter-E60/E61-E63/E64LCI,,kn-vervangingsfilter-e60e61-e63e64lci,review,0.6,0,
/KN-Vervangingsfilter-E8x-E9x-X1,,kn-vervangingsfilter-e8x-e9x-x1-e84,review,0.62,0,
/KN-Vervangingsfilter-F07-F10/F11-Z4,,kn-vervangingsfilter-f07-f10f11-z4-e89,review,0.6,0,
/KN-Vervangingsfilter-F01/F02-F06/F12/F13-F07/F10/F11-X-Serie,,kn-vervangingsfilter-f01f02-f06f12f13-f07f10f11-x-serie,review,0.71,0,
/KN-Vervangingsfilter-F45/F46-X1-F48-X2-F49,,m-performance-mattenset-x1-f48-x2-f39,none,0.25,0,
/Race-remblokken-EBC-Red-Stuff-voorzijde-E36-E46-Z3-Z4-M,,ebc-red-stuff-remblokken-voor-e36-e46-z3-z4-m-models,review,0.69,0,
/Race-remblokken-EBC-Yellow-Stuff-voorzijde-E36-E46-Z3-Z4-M,,ebc-yellow-stuff-remblokken-voor-e36-e46-z3-z4-m-models,review,0.69,0,
/Race-remblokken-EBC-Green-Stuff-achterzijde-E36-E46-Z4,,ebc-green-stuff-remblokken-achter-e36-e46-z4,review,0.7,0,
/Grille-mat-zwart-E46-Sedan-Touring-09/01,,grille-mat-zwart-e46-sedantouring-0901,review,0.8,0,
/Grille-mat-zwart-E46-Coupe/Cabrio-03/03-,,grille-mat-zwart-e46-coupecabrio-0303,review,0.78,0,
/Strongflex-voorste-stabilisatorstang-rubber-E36-Yellow,,strongflex-voorste-stabilisatorstang-rubber-e30-e36-z3-yellow,review,0.75,0,
/Strongflex-voorste-stabilisatorstang-rubber-E36-Red,,strongflex-voorste-stabilisatorstang-rubber-e30-e36-z3-red,review,0.75,0,
/Strongflex-voorste-draagarm-rubber-E36-Yellow,,strongflex-voorste-e46-draagarm-rubber-e30-e36-yellow,review,0.75,0,
/Strongflex-voorste-draagarm-rubber-E36-Red,,strongflex-voorste-draagarm-rubber-e30-e36-z3-red,review,0.75,0,
/Strongflex-voorste-draagarm-rubber-Excentrisch-E36-Yellow,,strongflex-voorste-draagarm-rubber-excentrisch-e30-e36-z3-yellow,review,0.78,0,
/Strongflex-voorste-(E46)-draagarm-rubber-E36-Yellow,,strongflex-voorste-e46-draagarm-rubber-e30-e36-yellow,review,0.88,0,
/Strongflex-draagschotel-rubber-achteras-E36-E46-X3-Z4-Yellow,,strongflex-voorste-draagarm-rubber-achteras-e36-e46-x3-z4-yellow,review,0.73,0,
/Strongflex-draagschotel-rubber-achteras-E36-E46-X3-Z4-Red,,strongflex-voorste-draagarm-rubber-achteras-e36-e46-x3-z4-red,review,0.73,0,
/Strongflex-opstaande-stabilisatorstang-rubber-Red,,strongflex-stabilisatorstang-rubber-achteras-red,review,0.67,0,
/Strongflex-opstaande-stabilisatorstang-rubber-E30-E36-E28-E34-E32-Z3-Yêllow,,strongflex-opstaande-stabilisatorstang-rubber-e30-e36-e28-e34-e32-z3-yellow,review,0.77,0,
/Strongflex-voorste-differentieel-rubber-E30-E36-Z3-Yellow,,strongflex-differentieel-rubber-e30-e36-compact-z3-yellow,review,0.78,0,
/Strongflex-stabilisatorstang-rubber-vooras-E8x-E46M3-E9x-E60/E61-XSerie-Z4-Yellow,,strongflex-stabilisatorstang-rubber-vooras-e8x-e46-m3-e9x-e60e61-x-serie-z4-yellow,review,0.59,0,
/Remleiding-set-E30,,remleiding-set-8-delig-e30,review,0.6,0,
/Remleiding-set-E34-09/91,,remleiding-set-8-delig-e34-0991,review,0.62,0,
/Remleiding-set-E34-09/95-09/91,,remleiding-set-8-delig-e34-0991,review,0.56,0,
/Remleiding-set-E34,,remleiding-set-8-delig-e34-0991,none,0.38,0,
/Strongflex-achterste-draagarm-rubber-E39-E6x-X5E53-Yellow,,strongflex-achterste-draagarm-rubber-e39-e6x-x5-e53-yellow,review,0.7,0,
/Strongflex-achterste-drager-rubber-E39-E6x-X5E53-Yellow,,strongflex-achterste-drager-rubber-e39-e6x-x5-e53-yellow,review,0.7,0,
/Strongflex-voorste-drager-rubber-E39-E6x-X5E53-Yellow,,strongflex-voorste-drager-rubber-e39-e6x-x5-e53-yellow,review,0.7,0,
"/bmw-naafembleem-64,5mm",,naafembleem-645mm-diep-bollend-tot-bouwjaar-2003,none,0.3,0,
/KN-Vervangingsfilter-E30,,kn-vervangingsfilter-mini,none,0.33,0,
/KN-Vervangingsfilter-E30-M40-M42-6cil,,kn-vervangingsfilter-e34-m40m34-m20,none,0.25,0,
/BMW-Zijknipperlichten-wit-E46-coupe-cabrio,,zijknipperlichten-wit-e46-coupe-en-cabrio-0303,review,0.56,0,
/BMW-Zijknipperlichten-wit-M3,,zijknipperlichten-wit-e46-m3,review,0.6,0,
/bmw-keuzehendel-zwart-leder,,bmw-sleuteletui-zwart-leder,review,0.6,0,
/bmw-sleutelembleem-E46,,sleutelembleem-e46,review,0.67,0,
/KN-Vervangingsfilter-E34-M,,kn-vervangingsfilter-e34-m50-m5,none,0.38,0,
/KN-Vervangingsfilter-E38,,kn-vervangingsfilter-e38-730i-735i-740i,none,0.38,0,
/Ultra-Racing-Strutbar-BMW-E46-320i-facelift,,strutbar-bmw-e46-320i-02-facelift,review,0.62,0,
/Strutbar-voorzijde-F22/F23-F30/F31/F34GT,,strutbar-voorzijde-2-f22f23-3-f30f31f34-gt,review,0.46,0,
/Ultra-Racing-Strutbar-BMW-E9x-320,,strutbar-bmw-e9x-320i,review,0.43,0,
/Strutbar-voorzijde-E36-M40,,strutbar-voorzijde-e36-4-cil-m40,review,0.67,0,
/Strutbar-voorzijde-E60/E61-M5,,strutbar-voorzijde-5-e60e61-m5,review,0.71,0,
/Achterlichten-LED-facelift-upgrade-E46-2003,,achterlichten-led-facelift-upgrade-e46-cabrio-2003,review,0.86,0,
/Smoke-achterlichten-LED-facelift-upgrade-E46-2003,,smoke-achterlichten-led-facelift-upgrade-e46-coupe-2003,review,0.88,0,
/HR-Stabilisator-set-F2x-F3x-2.0-2.5,,hr-stabilisator-set-f2x-f3x-20-25,review,0.67,0,
/HR-Stabilisator-set-F2x-F3x-6cil,,hr-stabilisator-set-f2x-f3x-4-cil,review,0.5,0,
/HR-Stabilisator-set-F2x-F3x-2.0-2.5-2.0-2.5-xDrive,,hr-stabilisator-set-f2x-f3x-20-25-xdrive,review,0.69,0,
/HR-Stabilisator-set-Z4-E85/E86,,hr-stabilisator-set-z4-e85e86,review,0.67,0,
/Strongflex-achterste-reactie-arm-rubber-E8x-E9x-E89-E84-Yellow,,strongflex-achterste-reactie-arm-rubber-e8x-e9x-e84-yellow,review,0.9,0,
/Strongflex-achterste-reactie-arm-rubbers-E8x-E9x-E89-E84-Yellow,,strongflex-achterste-reactie-arm-rubber-e8x-e9x-e84-yellow,review,0.73,0,
/H-brace-4punts-E36,,h-brace-4-punts-e36,review,0.5,0,
/A/C-frame-hoogglans-zwart-verlicht-F30/F31/F34GT-F32/F33/F36,,grille-hoogglans-zwart-f32-f33-f36,none,0.38,0,
/Grille-hoogglans-zwart-X3-F25,,grille-hoogglans-zwart-x3-g01,review,0.67,0,
/Grille-mat-zwart-X3-F25,,grille-mat-zwart-x3-e83,review,0.67,0,
/Dubbelspaak-grille-hoogglans-zwart-X3-F25,,dubbelspaak-grille-hoogglans-zwart-x3-e83lci,review,0.71,0,
/BMW-Aanstekerelement,,mini-aanstekerelement,none,0.33,0,
/Uitlaatsierstuk-Alu-look-F2x-F3x,,uitlaatsierstuk-alu-look-1-2-f2x-3-4-f3x,review,0.56,0,
/PPowerflex-differentieel-rubber-set-E36,,powerflex-differentieel-rubber-set-e36,review,0.67,0,
"/Eibach-Pro-Street-S-F32-Coupe-420i,428i,435i-xDrive",,eibach-pro-kit-bmw-f32-435i-xdrive,review,0.42,0,
"/Eibach-Pro-Street-S-F32-Coupe-420d,430d,435d-xDrive",,eibach-pro-street-s-e46-coupe-m3,review,0.42,0,
"/Eibach-Pro-Street-S-F30-Sedan-320i,328i,335i-xDrive",,eibach-pro-street-s-f30-sedan-318d320d330d335d-xdrive,review,0.47,0,
"/Eibach-Pro-Street-S-F30-Sedan-318d,320d,330d,335d-xDrive",,eibach-pro-street-s-f30-sedan-318d320d330d335d-xdrive,review,0.92,0,
"/Eibach-Pro-Street-S-F32-Coupe-420i,428i,430i,435i,440i-xDrive",,eibach-pro-kit-bmw-f32-435i-xdrive,none,0.36,0,
"/Eibach-Pro-Street-S-F32-Coupe-420d,430d,435dxDrive",,eibach-pro-street-s-e46-coupe-m3,review,0.45,0,
"/Eibach-Pro-Street-S-F30-Sedan-320i,320i,330i,335ixDrive",,eibach-pro-street-s-e46-sedan-325i328i330i,review,0.46,0,
"/Eibach-Pro-Street-S-F30-Sedan-318d,320d,330d,335dxDrive",,eibach-pro-street-s-f30-sedan-318d320d330d335d-xdrive,review,0.69,0,
"/Cobra-Verlagingsveren-E81-E87-116d,118d,120d,130i",,cobra-verlagingsveren-e81e87-116d-118d-120d-130i,review,0.89,0,
"/Cobra-Verlagingsveren-E81/E87-116d,118d,120d,130i",,cobra-verlagingsveren-e81e87-116d-118d-120d-130i,review,0.89,0,
"/Cobra-Verlagingsveren-F20/F21-114i,116i,118i,120i",,cobra-suspension-verlagingsveren-f20f21-114i-116i-118i-120i-2535mm,review,0.62,0,
"/Cobra-Verlagingsveren-F20-F21-114d,116d,118d,120d,125i",,cobra-suspension-verlagingsveren-f20f21-125i-114d-116d-118d-120d-2535mm,review,0.64,0,
"/Cobra-Verlagingsveren-F20/F21-114d,116d,118d,120d,125i",,cobra-suspension-verlagingsveren-f20f21-125i-114d-116d-118d-120d-2535mm,review,0.64,0,
/Cobra-Verlagingsveren-F20/F21-125d,,cobra-suspension-verlagingsveren-f20f21-125d-3545mm,review,0.5,0,
"/Cobra-Verlagingsveren-F22-218i,220i",,cobra-suspension-verlagingsveren-f22-218i-220i-2525mm,review,0.56,0,
"/Cobra-Verlagingsveren-F22-218d,220d,228i,230i",,cobra-suspension-verlagingsveren-f22-228i-230i-218d-220d-225d-2525mm,review,0.58,0,
"/Cobra-Verlagingsveren-F22-M235i,M240i",,cobra-suspension-verlagingsveren-f22-m235i-m240i-2020mm,review,0.56,0,
/Cobra-Verlagingsveren-I8-i12,,cobra-suspension-verlagingsveren-i8-i12-2025mm,review,0.5,0,
"/Cobra-Verlagingsveren-F30-316i,318i,320i,328i,316D,318D,320D",,cobra-suspension-verlagingsveren-f30-316i318i320i328i-316d318d320d-4040mm,review,0.62,0,
"/Cobra-Verlagingsveren-F30/316i,318i,320i,328i,316d,318d,320d",,cobra-suspension-verlagingsveren-f30-316i318i320i328i-316d318d320d-4040mm,review,0.62,0,
"/Cobra-Verlagingsveren-F30-330i,335i,340i,325d,330d",,cobra-suspension-verlagingsveren-f30-330i335i340i-325d330d-3030mm,review,0.57,0,
"/Cobra-Verlagingsveren-F30/330i,335i,340i,325d,330d",,cobra-suspension-verlagingsveren-f30-330i335i340i-325d330d-3030mm,review,0.57,0,
"/Cobra-Verlagingsveren-F31/316i,318i,320i,328i,316D,318D,320D",,cobra-suspension-verlagingsveren-f31-316i318i320i328i-316d318d320d-3025mm,review,0.62,0,
"/Cobra-Verlagingsveren-F31/330i,335i,340i,325d,330d",,cobra-suspension-verlagingsveren-f31-330i335i340i-325d330d-3025mm,review,0.57,0,
/Cobra-Verlagingsveren-F32-418i,,cobra-suspension-verlagingsveren-f32-418i-4040mm,review,0.5,0,
"/Cobra-Verlagingsveren-F32-420i,428i,430i,420d,425d",,cobra-suspension-verlagingsveren-f32-420i428i430i-420d425d-3030mm,review,0.57,0,
"/Cobra-Verlagingsveren-F36-435i,440i,430d",,cobra-suspension-verlagingsveren-f36-435i440i-430d-4040mm,review,0.55,0,
/Cobra-Verlagingsveren-F36/418i,,cobra-suspension-verlagingsveren-f36-418i-4040mm,review,0.5,0,
"/Cobra-Verlagingsveren-F36/420i,428i,430i,420d,425d",,cobra-suspension-verlagingsveren-f36-420i428i430i-420d425d-2020mm,review,0.57,0,
"/Cobra-Verlagingsveren-F32-435i,440i,430d",,cobra-suspension-verlagingsveren-f32-435i440i-430d-3030mm,review,0.55,0,
/Cobra-Verlagingsveren-F83-M4,,cobra-suspension-verlagingsveren-f83-m4-3030mm,review,0.5,0,
"/Cobra-Verlagingsveren-F10-520i,523i,528i,530i,528d,520d",,cobra-suspension-verlagingsveren-f10-520i523i528i530i-528d520d-3025mm,review,0.6,0,
"/Cobra-Verlagingsveren-F10/520i,523i,528i,530i,528d,520d",,cobra-suspension-verlagingsveren-f10-520i523i528i530i-528d520d-3025mm,review,0.6,0,
"/Cobra-Verlagingsveren-F10-535i,525d,530d,535d",,cobra-suspension-verlagingsveren-f10-535i-525d530d535d-3025mm,review,0.58,0,
"/Cobra-Verlagingsveren-F10/535i,525d,530d,535d",,cobra-suspension-verlagingsveren-f10-535i-525d530d535d-3025mm,review,0.58,0,
"/Cobra-Verlagingsveren-G30-520i,530i,518d,520d",,cobra-suspension-verlagingsveren-g30-520i530i-518d520d-4545mm,review,0.54,0,
"/Cobra-Verlagingsveren-F11-520i,523i,528i,530i,528d,520d",,cobra-suspension-verlagingsveren-f11-520i523i528i530i-528d520d-30mm,review,0.69,0,
/Cobra-Verlagingsveren-E30-Coupe-318i,,cobra-verlagingsveren-e30-cabrio-318i,review,0.67,0,
"/Cobra-Verlagingsveren-E36-Sedan-316i,318i,318iS",,cobra-verlagingsveren-e36-sedan-316i318i318is,review,0.88,0,
"/Cobra-Verlagingsveren-E36-Sedan/316i,318i,318iS",,cobra-verlagingsveren-e36-sedan-316i318i318is,review,0.88,0,
"/Cobra-Verlagingsveren-E36/Sedan/316i,318i,318iS",,cobra-verlagingsveren-e36-sedan-316i318i318is,review,0.88,0,
"/Cobra-Verlagingsveren-E36-Sedan-320i,323i,323i,328i,325Td/TdS",,cobra-verlagingsveren-e36-sedan-320i323i323i328i325tdtds,review,0.9,0,
"/Cobra-Verlagingsveren-E36-Sedan/320i,323i,323i,328i,325Td/TdS",,cobra-verlagingsveren-e36-sedan-320i323i323i328i325tdtds,review,0.9,0,
"/Cobra-Verlagingsveren-E36/Sedan/320i,323i,323i,328i,325Td/TdS",,cobra-verlagingsveren-e36-sedan-320i323i323i328i325tdtds,review,0.9,0,
"/Cobra-Verlagingsveren-E36-Coupe-316i,318i,318iS",,cobra-verlagingsveren-e36-coupe-316i318i318is,review,0.88,0,
"/Cobra-Verlagingsveren-E36-Coupe/316i,318i,318iS",,cobra-verlagingsveren-e36-coupe-316i318i318is,review,0.88,0,
"/Cobra-Verlagingsveren-E36/Coupe/316i,318i,318iS",,cobra-verlagingsveren-e36-coupe-316i318i318is,review,0.88,0,
"/Cobra-Verlagingsveren-E36-Touring-320i,323i,325i,328i/318325Td/TdS",,cobra-verlagingsveren-e36-touring-320i323i325i328i-318325tdtds,review,0.64,0,
"/Cobra-Verlagingsveren-E36-Touring/320i,323i,325i,328i/318325Td/TdS",,cobra-verlagingsveren-e36-touring-320i323i325i328i-318325tdtds,review,0.64,0,
/Cobra-Verlagingsveren-E36-M3-3.0,,cobra-verlagingsveren-e36-m3-32,review,0.62,0,
"/Cobra-Verlagingsveren-E36-Compact/316i,318Ti/318TdS",,cobra-verlagingsveren-e36-compact-316i318ti-318tds,review,0.88,0,
"/Cobra-Verlagingsveren-F45-Active-Tourer-216i,218i",,cobra-suspension-verlagingsveren-f45-216i218i-3030mm,review,0.42,0,
"/Cobra-Verlagingsveren-F45-Active-Tourer-220i,225i/214d,216d,218d,220d",,cobra-suspension-verlagingsveren-f45-220i225i-214d216d218d220d-3030mm,review,0.53,0,
"/Cobra-Verlagingsveren-E60-Sedan-540i,550i",,cobra-verlagingsveren-e39-sedan-535i-540i-v8,review,0.44,0,
"/Cobra-Verlagingsveren-E46-Sedan-320i,323i,325i,328i,330i/318d,320d",,cobra-verlagingsveren-e46-sedan-320i323i325i328i330i-318d320d,review,0.85,0,
"/Cobra-Verlagingsveren-E46-Sedan/320i,323i,325i,328i,330i/318d,320d",,cobra-verlagingsveren-e46-sedan-320i323i325i328i330i-318d320d,review,0.85,0,
"/Cobra-Verlagingsveren-E46-Coupe-320i,323i,325i,328i,330i/318d,320d",,cobra-verlagingsveren-e46-coupe-320i323i325i328i330i-318d320d,review,0.85,0,
"/Cobra-Verlagingsveren-E46-Coupe/320i,323i,325i,328i,330i/318d,320d",,cobra-verlagingsveren-e46-coupe-320i323i325i328i330i-318d320d,review,0.85,0,
"/Cobra-Verlagingsveren-E46-Cabrio-320i,323i,325i,328i,330i/318d,320d",,cobra-verlagingsveren-e46-cabrio-320i323i325i328i330i-318d320d,review,0.85,0,
"/Cobra-Verlagingsveren-E46-Cabrio/320i,323i,325i,328i,330i/318d,320d",,cobra-verlagingsveren-e46-cabrio-320i323i325i328i330i-318d320d,review,0.85,0,
"/Cobra-Verlagingsveren-E46-Touring-320i,323i,325i,328i,330i/318d,320d",,cobra-verlagingsveren-e46-touring-320i323i325i328i330i-318d320d,review,0.85,0,
"/Cobra-Verlagingsveren-E46-Touring/320i,323i,325i,328i,330i/318d,320d",,cobra-verlagingsveren-e46-touring-320i323i325i328i330i-318d320d,review,0.85,0,
"/Cobra-Verlagingsveren-E38-735i/iL,740i/iL/730d",,cobra-verlagingsveren-e38-735iil740iil-730d,review,0.88,0,
"/Cobra-Verlagingsveren-E38/735i/iL,740i/iL/730d",,cobra-verlagingsveren-e38-735iil740iil-730d,review,0.88,0,
"/Cobra-Verlagingsveren-X5-F15/35i/25d,30d,40d-xDrive",,cobra-suspension-verlagingsveren-x5-f15-35i-25d30d40d-xdrive-3535mm,review,0.64,0,
"/Cobra-Verlagingsveren-Z3-Roadster-2.0,2.2,2.8,3.0",,cobra-verlagingsveren-z3-roadster-20-22-28-30,review,0.67,0,
"/Cobra-Verlagingsveren-Z3-Roadster/2.0,2.2,2.8,3.0",,cobra-verlagingsveren-z3-roadster-20-22-28-30,review,0.67,0,
"/Cobra-Verlagingsveren-Z3-Coupe-2.8,3.0",,cobra-verlagingsveren-z3-coupe-28-30,review,0.8,0,
"/Cobra-Verlagingsveren-Z3-Coupe/2.8,3.0",,cobra-verlagingsveren-z3-coupe-28-30,review,0.8,0,
"/Cobra-Verlagingsveren-Z4-E85/E86-2.2,2.5,3.0",,cobra-verlagingsveren-z4-e85e86-22-25-30,review,0.69,0,
"/Cobra-Verlagingsveren-E65-735i/Li,-740i/Li,-745i/Li-/-730d",,cobra-verlagingsveren-e65-735ili-740ili-745ili-730d,review,0.73,0,
"/Cobra-Verlagingsveren-E90-Sedan-316i,318i,320i",,cobra-verlagingsveren-e90-sedan-316i318i320i,review,0.88,0,
"/Cobra-Verlagingsveren-E90-Sedan/316i,318i,320i",,cobra-verlagingsveren-e90-sedan-316i318i320i,review,0.88,0,
"/Cobra-Verlagingsveren-E90-Sedan-325i,330i/316d,318d,320d",,cobra-verlagingsveren-e90-sedan-325i330i-316d318d320d,review,0.82,0,
"/Cobra-Verlagingsveren-E90-Sedan/325i,330i/316d,318d,320d",,cobra-verlagingsveren-e90-sedan-325i330i-316d318d320d,review,0.82,0,
"/Cobra-Verlagingsveren-E93-Cabrio-323i,325i,330i",,cobra-verlagingsveren-e93-cabrio-323i325i330i,review,0.88,0,
"/Cobra-Verlagingsveren-E93-Cabrio/323i,325i,330i",,cobra-verlagingsveren-e93-cabrio-323i325i330i,review,0.88,0,
"/Cobra-Verlagingsveren-E93-Cabrio/335i/325d,330d",,cobra-verlagingsveren-e93-cabrio-335i-325d330d,review,0.88,0,
"/Cobra-Verlagingsveren-E34-Sedan-525i,530i/524Td",,cobra-verlagingsveren-e34-sedan-525i530i-524td,review,0.88,0,
"/Cobra-Verlagingsveren-E34-Sedan/525i,530i/524Td",,cobra-verlagingsveren-e34-sedan-525i530i-524td,review,0.88,0,
"/Cobra-Verlagingsveren-E34/Sedan/525i,530i-/-524Td",,cobra-verlagingsveren-e34-sedan-525i530i-524td,review,0.88,0,
"/Cobra-Verlagingsveren/E34/Sedan/525i,530i-/-524Td",,cobra-verlagingsveren-e34-sedan-525i530i-524td,review,0.88,0,
"/Cobra-Verlagingsveren-E39-Sedan-525i,530i/525TdS",,cobra-verlagingsveren-e39-sedan-525i530i-525tds,review,0.88,0,
"/Cobra-Verlagingsveren-E39-Sedan/525i,530i/525TdS",,cobra-verlagingsveren-e39-sedan-525i530i-525tds,review,0.88,0,
"/Cobra-Verlagingsveren-E39-Touring-525i,530i/525TdS",,cobra-verlagingsveren-e39-touring-525i530i-525tds,review,0.88,0,
"/Cobra-Verlagingsveren-E39-Touring/525i,530i/525TdS",,cobra-verlagingsveren-e39-touring-525i530i-525tds,review,0.88,0,
/Cobra-Verlagingsveren-Mini-R50-One,,cobra-suspension-verlagingsveren-mini-r56-one,review,0.57,0,
/Cobra-Verlagingsveren-Mini-R61-Paceman-Cooper-ALL4,,cobra-suspension-verlagingsveren-mini-r61-paceman-cooper-all4-3025,review,0.64,0,
/Cobra-Verlagingsveren-Mini-R61-Paceman-Cooper,,cobra-suspension-verlagingsveren-mini-r61-paceman-cooper-3025mm,review,0.6,0,
/Cobra-Coilover-EVO-S-E81-E87,,cobra-suspension-schroefset-evo-s-bmw-e81-e87,review,0.56,0,
/Cobra-Verlagingsveren-Mini-R60-Countryman-Cooper-ALL4,,cobra-suspension-verlagingsveren-mini-r60-countryman-cooper-all4-4035mm,review,0.64,0,
/Cobra-Verlagingsveren-F80-M3,,cobra-suspension-verlagingsveren-f80-m3-3010mm,review,0.5,0,
/Cobra-Verlagingsveren-F10-550i,,cobra-suspension-verlagingsveren-f10-550i-4035mm,review,0.5,0,
"/Cobra-Verlagingsveren-G30-540i,525d,530d",,cobra-suspension-verlagingsveren-g30-540i-525d530d-4545mm,review,0.55,0,
/Grille-chroom/zwart-F30/F30LCI-F31/F31LCI-,,grille-chroomzwart-f30-f31,review,0.62,0,
/Grille-mat-zwart-E81-E87,,grille-mat-zwart-e81-e87e87lci,review,0.71,0,
/Angel-Eyes-koplampen-smoked-F30/F31-H7/H1,,angel-eyes-koplampen-smoked-f30f31,review,0.67,0,
/Grill-JCW-look-mat-zwart-R55-R56-R57,,grille-mat-zwart-mini-r55-r56,review,0.4,0,
/Grill-JCW-look-hoogglans-zwart-R55-R56-R57-10/13,,grille-hoogglans-zwart-mini-r55-r56,none,0.33,0,
/M-Performance-Mattenset-F23-F23LCI,,m-performance-mattenset-voorzijde-f23f23lci,review,0.71,0,
/BMW-Mattenset-velours-F06,,bmw-mattenset-velours-f06-gran-coupe,review,0.67,0,
/Achterlichten-red/smoke-E30-87/90-90/93,,achterlichten-redsmoke-e30-87-90-90-93,review,0.88,0,
/KN-Vervangingsfilter-Mini-One/Cooper,,kn-vervangingsfilter-mini,review,0.43,0,
/KN-Vervangingsfilter-Mini-Cooper-2001,,kn-vervangingsfilter-mini,review,0.43,0,
"/Supersprint-OO70-BMW-E36-M3-3.0i,3.2i",,supersprint-oo-70-bmw-e36-m3-30i32i,review,0.64,0,
"/Supersprint-OO76-BMW-E39-520i,523i,528i",,supersprint-oo-76-bmw-e39-520i523i528i,review,0.6,0,
/Supersprint-OO76-BMW-E39-535i-540i,,supersprint-oo-76-bmw-e39-535i540i,review,0.56,0,
/Supersprint-OO76-BMW-E39-530d,,supersprint-oo-76-bmw-e39-530d,review,0.57,0,
"/Supersprint-OO80-BMW-F30/F31-320i,320ix,328i,328ix",,bmw-uitlaatsierstuk-zwartchroom-f30-f31-316d-320i,none,0.29,0,
"/Supersprint-OO80-BMW-F30/F31-335i,335ix",,eisenmann-2x90mm-bmw-f31-335i,none,0.33,0,
"/Supersprint-OO100-BMW-F30/F31-320i,320ix,328i,328ix",,bmw-uitlaatsierstuk-zwartchroom-f30-f31-316d-320i,none,0.29,0,
"/Supersprint-OO100-BMW-F30/F31-335i,335ix",,eisenmann-2x90mm-bmw-f31-335i,none,0.33,0,
"/Supersprint-OO90-BMW-F30/F31-316i,318i",,supersprint-oo-80-bmw-e46-316i316ci318i318ci,none,0.31,0,
/Cobra-Verlagingsveren-F06-M6,,cobra-suspension-verlagingsveren-f06-m6-2525mm,review,0.5,0,
/Supersprint-OO100-BMW-F20/F21-M135i-M140i,,supersprint-o-100-bmw-f20f21-m135i-m140i,review,0.6,0,
"/Supersprint-BMW-F20/F21-LCI116i,118i-2014->",,supersprint-bmw-f20f21-lci-116i118i-2014,review,0.55,0,
/Zijknipperlichten-smoke-E46-4drs-X3-E83,,zijknipperlichten-smoke-e46-4-drs-092001-x3-e83,review,0.45,0,
/Supersprint-OO80-BMW-E82/E88-125i,,supersprint-oo-80-bmw-e82e88-125i,review,0.56,0,
/Supersprint-OO80-BMW-E82-135i,,supersprint-oo-80-bmw-e82-135i,review,0.57,0,
/Supersprint-OO80-BMW-E88-135i,,supersprint-oo-80-bmw-e88-135i,review,0.57,0,
/Supersprint-OO100-BMW-F22-M235i,,eisenmann-2x90mm-bmw-f22-m235i,review,0.43,0,
/Supersprint-OO80-BMW-F22-M235i,,eisenmann-2x90mm-bmw-f22-m235i,review,0.43,0,
/Supersprint-OO100-BMW-F23-M235i,,eisenmann-2x90mm-bmw-f23-m235i,review,0.43,0,
/Supersprint-OO80-BMW-F23-M235i,,eisenmann-2x90mm-bmw-f23-m235i,review,0.43,0,
/Supersprint-OO80-BMW-F22/F23-220i,,supersprint-oo-80-bmw-f22f23-220i,review,0.56,0,
/Supersprint-O100-MINI-F55-One/Cooper,,supersprint-o-100-mini-f55-one-cooper,review,0.62,0,
/Supersprint-O100-MINI-F57-Cabrio,,supersprint-o-100-mini-f57-cabrio,review,0.57,0,
/Supersprint-O100-MINI-F56-OneD/CooperD,,supersprint-o-100-mini-f56-one-d-cooper-d,none,0.27,0,
/Supersprint-O100-MINI-F55-OneD/CooperD,,supersprint-o-100-mini-f55-one-cooper,none,0.3,0,
/Supersprint-O90-MINI-R56-One/Cooper,,supersprint-o-100-mini-f55-one-cooper,review,0.44,0,
/Supersprint-O90-MINI-R57-Cooper,,supersprint-o-90-mini-r58-r59-cooper,none,0.33,0,
/Supersprint-O90-MINI-R58-R59-Cooper,,supersprint-o-90-mini-r58-r59-cooper,review,0.62,0,
/Supersprint-O80-MINI-R50-R52-One/Cooper,,supersprint-o-80-mini-r50-r52-one-cooper,review,0.67,0,
/Supersprint-OO80-BMW-E82-1M,,supersprint-racing-oo-80-bmw-e82-1m,review,0.5,0,
/Supersprint-OO80-BMW-E92/E93-M3,,supersprint-oo-80-sport-bmw-e90e92e93-m3,review,0.45,0,
"/Supersprint-OO80-BMW-E60/E61-525i,530i",,supersprint-oo-80-bmw-e60e61-525i530i,review,0.55,0,
/Supersprint-OO80-BMW-E90-330i,,supersprint-oo-80-bmw-e90-330i-n52n,review,0.5,0,
/Grille-chroom/zwart-E46-4drs-09/01,,grille-chroomzwart-e46-4-drs-0901,review,0.55,0,
"/Supersprint-OO80-BMW-E92-325i,330i",,supersprint-oo-80-bmw-e92-323i325i328i330i-n52n,review,0.42,0,
"/Supersprint-OO80-BMW-E93-323i,325i,328i,330i",,supersprint-oo-80-bmw-e93-323i325i328i330i-n51n52nn53,review,0.47,0,
"/Supersprint-OO80-BMW-F32-435i,440i",,supersprint-oo-100-bmw-f36-435i440i,review,0.4,0,
"/Supersprint-OO100-BMW-F32-435i,440i",,supersprint-oo-100-bmw-f36-435i440i,review,0.4,0,
/Supersprint-OO90-BMW-F32-418i,,supersprint-oo-90-bmw-f36-418i,none,0.38,0,
/Supersprint-OO80-BMW-F32-418i,,supersprint-oo-90-bmw-f36-418i,none,0.38,0,
"/Supersprint-OO80-BMW-F32-420i,428i,430i",,supersprint-oo-100-bmw-f36-420i428i430i,review,0.45,0,
"/Supersprint-OO100-BMW-F33-420i,428i,430i",,supersprint-oo-100-bmw-f36-420i428i430i,review,0.45,0,
"/Supersprint-OO80-BMW-F33-420i,428i,430i",,supersprint-oo-100-bmw-f36-420i428i430i,review,0.45,0,
"/Supersprint-OO100-BMW-F33-435i,440i",,supersprint-oo-100-bmw-f36-435i440i,review,0.4,0,
/Supersprint-OO80-BMW-F36-418i,,supersprint-oo-90-bmw-f36-418i,review,0.57,0,
"/Supersprint-OO100-BMW-F36-420i,428i,430i",,supersprint-oo-100-bmw-f36-420i428i430i,review,0.6,0,
"/Supersprint-OO80-BMW-F33-435i,440i",,supersprint-oo-100-bmw-f36-435i440i,review,0.4,0,
"/Supersprint-OO80-BMW-F36-435i,440i",,supersprint-oo-100-bmw-f36-435i440i,review,0.56,0,
/MINI-Velgenreiniger,,mini-autopoetsmiddel,none,0.33,0,
/Koplampen-DTM-look-LED-xenon-lookF30/F31,,koplampen-dtm-look-led-xenon-look-f30f31,review,0.67,0,
/BMW-Performance-Big-Brake-Kit-F20/F21-F22/F23-F30/F31-F32-Oranje,,bmw-performance-big-brake-kit-f30f31f34-f32f33f36-oranje,review,0.5,0,
/Goodridge-stalen-remleidingen-BMW-E46-Sedan,,goodridge-stalen-remleidingen-bmw-e46-sedan-98-01,review,0.75,0,
/Goodridge-stalen-remleidingen-BMW-E46-Cabrio,,goodridge-stalen-remleidingen-bmw-e46-cabrio-03-07,review,0.75,0,
/EBC-Yellow-Stuff-remblokken-achter-E46-330i-M3,,ebc-yellow-stuff-remblokken-achter-e36-compact-m3,review,0.6,0,
/EBC-Green-Stuff-remblokken-achter-E46-330-M3,,ebc-green-stuff-remblokken-achter-e36-compact-m3,review,0.6,0,
/EBC-Yellow-Stuff-remblokken-voor-E46-330,,ebc-yellow-stuff-remblokken-voor-e39,review,0.62,0,
/EBC-GreenStuff-remblokken-voor-E81-E87-E88-E82,,ebc-yellow-stuff-remblokken-voor-e81-e87-e88-e82,review,0.7,0,
/EBC-RedStuff-remblokken-voor-E81-E87-E88-E82,,ebc-yellow-stuff-remblokken-voor-e81-e87-e88-e82,review,0.7,0,
/EBC-YellowStuff-remblokken-voor-E81-E87-E88-E82,,ebc-yellow-stuff-remblokken-voor-e81-e87-e88-e82,review,0.7,0,
/EBC-RedStuff-remblokken-E81-E87-E88-E82,,ebc-yellow-stuff-remblokken-achter-e81-e87-e88-e82,review,0.6,0,
/EBC-Green-Stuff-remblokken-E81-E87-E88-E82,,ebc-green-stuff-remblokken-achter-e81-e87-e88-e82,review,0.89,0,
/EBC-Red-Stuff-remblokken-voor-E90-E91-E92-E93-M3,,ebc-red-stuff-remblokken-voor-e90-e92-e93-m3,review,0.9,0,
/EBC-Yellow-Stuff-remblokken-voor-E90-E91-E92-E93-M3,,ebc-yellow-stuff-remblokken-voor-e90-e92-e93-m3,review,0.9,0,
/EBC-Green-Stuff-remblokken-voor-E90-E91-E92-E93-M3,,ebc-green-stuff-remblokken-voor-e90-e92-e93-m3,review,0.9,0,
/EBC-GreenStuff-remblokken-voor-E90-E91-E92-E93,,ebc-yellow-stuff-remblokken-voor-e90-e91-e92-e93,review,0.7,0,
/EBC-YellowStuff-remblokken-voor-E90-E91-E92-E93,,ebc-yellow-stuff-remblokken-voor-e90-e91-e92-e93,review,0.7,0,
/EBCGreenStuff-remblokken-voor-E90-E91-E92-E93,,ebc-yellow-stuff-remblokken-voor-e90-e91-e92-e93,review,0.6,0,
/EBCYellowStuff-remblokken-voor-E90-E91-E92-E93,,ebc-yellow-stuff-remblokken-voor-e90-e91-e92-e93,review,0.6,0,
/EBC-GreenStuff-remblokken-voor-E39,,ebc-yellow-stuff-remblokken-voor-e39,review,0.57,0,
/EBC-RedStuff-remblokken-voor-E39,,ebc-yellow-stuff-remblokken-voor-e39,review,0.57,0,
/EBC-YellowStuff-remblokken-voor-E39,,ebc-yellow-stuff-remblokken-voor-e39,review,0.57,0,
/MINI-Sierschrift-Piano-Black-Cooper-SD,,mini-sierschrift-clubman-piano-black-f54,review,0.5,0,
/MINI-Sierschrift-Piano-Black-One-D,,mini-sierschrift-clubman-piano-black-f54,review,0.5,0,
/MINI-Sierschrift-Piano-Black-Cooper-D,,mini-sierschrift-clubman-piano-black-f54,review,0.5,0,
/bmw-e46-afdekking-zwart.html,,bmw-e46-opbergvak-zwart,review,0.6,0,
/Grill-JCW-look-hoogglans-zwart-R55-R56-R57,,grille-hoogglans-zwart-mini-r55-r56,review,0.4,0,
/tmp-wielbouten-zwart-m14x1.5,,langere-zwarte-wielbouten-m14x15-tuningmotiveparts,none,0.33,0,
/Glanszwart-stickerset-velgembleem,,stickerset-velgembleem-645mm-glanszwart,review,0.5,0,
/Grille-hoogglans-zwart-met-matzwarte-grille-spijlen-F30/F30LCI-F31/F31LCI-,,grille-hoogglans-zwart-met-matte-spijlen-f30-f31,review,0.64,0,
/Grille-mat-zwart-X5-E53-type-1-tot-bouwjaar-10-2003,,grille-mat-zwart-x5-e53-type-1,review,0.64,0,
/bmw-motorkap-rubbers-doorzichtig,,embleem-bevestiging-rubbers-doorzichtig,none,0.33,0,
/Vaststaande-MINI-Naafdop-set-56MM,,mini-naafdop-set-vaststaand-56mm,review,0.67,0,
/Vaststaande-MINI-JCW-Naafdop-set-56MM,,mini-jcw-naafdop-set-vaststaand-56mm,review,0.71,0,
/5mm-Zilver-Geanodiseerde-Spoorverbreders,,5mm-zilver-geanodiseerde-spoorverbreders-4x100,review,0.8,0,
/3mm-Zwart-Geanodiseerde-Spoorverbreders,,3mm-zwart-geanodiseerde-spoorverbreders-5x112,review,0.8,0,
/10mm-Zwart-Geanodiseerde-Spoorverbreders,,10mm-zwart-geanodiseerde-spoorverbreders-xm,review,0.8,0,
/12mm-Zwart-Geanodiseerde-Spoorverbreders,,12mm-zwart-geanodiseerde-spoorverbreders-5x112,review,0.8,0,
/12mm-Zilver-Geanodiseerde-Spoorverbreder,,12mm-zilver-geanodiseerde-spoorverbreders-5x112,review,0.5,0,
/15mm-Zilver-Geanodiseerde-Spoorverbreder,,15mm-zilver-geanodiseerde-spoorverbreders-xm,review,0.5,0,
/18mm-Zilver-Geanodiseerde-Spoorverbreder,,18mm-zilver-geanodiseerde-spoorverbreders-5x120,review,0.5,0,
/20mm-Zilver-Geanodiseerde-Spoorverbreder,,20mm-zilver-geanodiseerde-spoorverbreders-xm,review,0.5,0,
/25mm-Zilver-Geanodiseerde-Spoorverbreder,,25mm-zilver-geanodiseerde-spoorverbreders-5x120,review,0.5,0,
/Zilver-Geanodiseerde-Spoorverbreders-3mm,,3mm-zilver-geanodiseerde-spoorverbreders-5x112,review,0.8,0,
/Zwart-Geanodiseerde-Spoorverbreders-10mm,,10mm-zwart-geanodiseerde-spoorverbreders-xm,review,0.8,0,
/Zilver-Geanodiseerde-Spoorverbreders-10mm,,10mm-zilver-geanodiseerde-spoorverbreders-xm,review,0.8,0,
/Zwart-Geanodiseerde-Spoorverbreders-12mm,,12mm-zwart-geanodiseerde-spoorverbreders-5x112,review,0.8,0,
/Zilver-Geanodiseerde-Spoorverbreders-12mm,,12mm-zilver-geanodiseerde-spoorverbreders-5x112,review,0.8,0,
/Zilver-Geanodiseerde-5mm-Spoorverbreders,,5mm-zilver-geanodiseerde-spoorverbreders-4x100,review,0.8,0,
/Zilver-Geanodiseerde-10mm-Spoorverbreders,,10mm-zilver-geanodiseerde-spoorverbreders-xm,review,0.8,0,
/Zwart-Geanodiseerde-15mm-Spoorverbreders,,15mm-zwart-geanodiseerde-spoorverbreders-xm,review,0.8,0,
/Zilver-Geanodiseerde-15mm-Spoorverbreders,,15mm-zilver-geanodiseerde-spoorverbreders-xm,review,0.8,0,
/Zwart-Geanodiseerde-20mm-Spoorverbreders,,20mm-zwart-geanodiseerde-spoorverbreders-xm,review,0.8,0,
/Zilver-Geanodiseerde-20mm-Spoorverbreders,,20mm-zilver-geanodiseerde-spoorverbreders-xm,review,0.8,0,
/Cobra-Coilover-EVO-S-E88,,cobra-suspension-schroefset-evo-s-bmw-e88,review,0.5,0,
/Cobra-Coilover-EVO-S-E82,,cobra-suspension-schroefset-evo-s-bmw-e82,review,0.5,0,
/Cobra-Coilover-EVO-S-E36-sedan,,cobra-suspension-schroefset-evo-s-bmw-e36-sedan,review,0.56,0,
/Cobra-Coilover-EVO-S-E36-coupe,,cobra-suspension-schroefset-evo-s-bmw-e36-coupe,review,0.56,0,
/Cobra-Coilover-EVO-S-E36-touring,,cobra-suspension-schroefset-evo-s-bmw-e36-touring,review,0.56,0,
/Cobra-Coilover-EVO-S-E36-cabrio,,cobra-suspension-schroefset-evo-s-bmw-e36-cabrio,review,0.56,0,
/Cobra-Coilover-EVO-S-E46-sedan,,cobra-suspension-schroefset-evo-s-bmw-e46-sedan,review,0.56,0,
/Cobra-Coilover-EVO-S-E46-sedan-330i/330d,,cobra-suspension-schroefset-evo-s-bmw-e46-sedan-330i330d,review,0.58,0,
/Cobra-Coilover-EVO-S-E46-coupe,,cobra-suspension-schroefset-evo-s-bmw-e46-coupe,review,0.56,0,
/Cobra-Coilover-EVO-S-E46-coupe-330i/330d,,cobra-suspension-schroefset-evo-s-bmw-e46-coupe-330i330d,review,0.58,0,
/Cobra-Coilover-EVO-S-E46-cabrio,,cobra-suspension-schroefset-evo-s-bmw-e46-cabrio,review,0.56,0,
/Cobra-Coilover-EVO-S-E46-cabrio-330i/330d,,cobra-suspension-schroefset-evo-s-bmw-e46-cabrio-330i330d,review,0.58,0,
/Cobra-Coilover-EVO-S-E46-touring,,cobra-suspension-schroefset-evo-s-bmw-e46-touring,review,0.56,0,
/Cobra-Coilover-EVO-S-E46-touring-330i/330d,,cobra-suspension-schroefset-evo-s-bmw-e46-touring-330i330d,review,0.58,0,
/Cobra-Coilover-EVO-S-E46-compact,,cobra-suspension-schroefset-evo-s-bmw-e46-compact,review,0.56,0,
/Cobra-Verlagingsveren-Mini-R60-Countryman-One,,cobra-suspension-verlagingsveren-mini-r60-countryman-one-3535mm,review,0.6,0,
/Cobra-Verlagingsveren-Mini-R60-Countryman-One-D,,cobra-suspension-verlagingsveren-mini-r60-countryman-one-d-3535mm,review,0.64,0,
/Cobra-Verlagingsveren-Mini-R60-Countryman-Cooper,,cobra-suspension-verlagingsveren-mini-r60-countryman-cooper-3535mm,review,0.6,0,
/Cobra-Verlagingsveren-Mini-R60-Countryman-Cooper-D,,cobra-suspension-verlagingsveren-mini-r60-countryman-cooper-d-3535mm,review,0.64,0,
/Cobra-Verlagingsveren-Mini-R60-Countryman-Cooper-S,,cobra-suspension-verlagingsveren-mini-r60-countryman-cooper-s-3535mm,review,0.64,0,
/Cobra-Verlagingsveren-Mini-R60-Countryman-Cooper-SD,,cobra-suspension-verlagingsveren-mini-r60-countryman-cooper-sd-3535mm,review,0.64,0,
/Cobra-Verlagingsveren-Mini-R60-Countryman-Cooper-D-ALL4,,cobra-suspension-verlagingsveren-mini-r60-countryman-cooper-d-all4-4035mm,review,0.67,0,
/Cobra-Verlagingsveren-Mini-R60-Countryman-Cooper-SD-ALL4,,cobra-suspension-verlagingsveren-mini-r60-countryman-cooper-sd-all4-4035mm,review,0.67,0,
/Cobra-Verlagingsveren-Mini-R60-Countryman-Cooper-JCW-ALL4,,cobra-suspension-verlagingsveren-mini-r60-countryman-jcw-all4-4035mm,review,0.58,0,
/Cobra-Verlagingsveren-Mini-R61-Paceman-Cooper-S,,cobra-suspension-verlagingsveren-mini-r61-paceman-cooper-s-3025mm,review,0.64,0,
/Cobra-Verlagingsveren-Mini-R61-Paceman-Cooper-D,,cobra-suspension-verlagingsveren-mini-r61-paceman-cooper-d-3025mm,review,0.64,0,
/Cobra-Verlagingsveren-Mini-R61-Paceman-Cooper-SD,,cobra-suspension-verlagingsveren-mini-r61-paceman-cooper-sd-3025mm,review,0.64,0,
/Cobra-Verlagingsveren-Mini-R61-Paceman-Cooper-D-ALL4,,cobra-suspension-verlagingsveren-mini-r61-paceman-cooper-d-all4-3025,review,0.67,0,
/Cobra-Verlagingsveren-Mini-R61-Paceman-Cooper-S-ALL4,,cobra-suspension-verlagingsveren-mini-r61-paceman-cooper-s-all4-3025,review,0.67,0,
/Cobra-Verlagingsveren-Mini-R61-Paceman-Cooper-SD-ALL4,,cobra-suspension-verlagingsveren-mini-r61-paceman-cooper-sd-all4-3025,review,0.67,0,
/Cobra-Verlagingsveren-Mini-R50-Cooper,,cobra-suspension-verlagingsveren-mini-r56-cooper,review,0.57,0,
/Cobra-Verlagingsveren-Mini-Cabrio-R52,,cobra-suspension-verlagingsveren-mini-r52-cabrio-2520mm,review,0.56,0,
/Cobra-Verlagingsveren-Mini-Cabrio-R52-Cooper-S,,cobra-suspension-verlagingsveren-mini-r52-cabrio-cooper-s-3030mm,review,0.64,0,
/Cobra-Verlagingsveren-Mini-R56-Cooper-D,,cobra-suspension-verlagingsveren-mini-r56-cooper,review,0.71,0,
/Cobra-Verlagingsveren-Mini-R56-Cooper-S,,cobra-suspension-verlagingsveren-mini-r56-cooper,review,0.71,0,
/Cobra-Verlagingsveren-Mini-R56-Cooper-SD,,cobra-suspension-verlagingsveren-mini-r56-cooper,review,0.71,0,
/Cobra-Verlagingsveren-Mini-R57-One,,cobra-suspension-verlagingsveren-mini-r56-one,review,0.57,0,
/Cobra-Verlagingsveren-Mini-R57-Cooper,,cobra-suspension-verlagingsveren-mini-r56-cooper,review,0.57,0,
/Cobra-Verlagingsveren-Mini-R57-Cooper-S,,cobra-suspension-verlagingsveren-mini-r57-cooper-s-3530mm,review,0.6,0,
/Cobra-Verlagingsveren-Mini-R57-Cooper-SD,,cobra-suspension-verlagingsveren-mini-r57-cooper-sd-3530mm,review,0.6,0,
/Cobra-Verlagingsveren-Mini-R55-Cooper,,cobra-suspension-verlagingsveren-mini-r56-cooper,review,0.57,0,
/Cobra-Verlagingsveren-Mini-R55-One,,cobra-suspension-verlagingsveren-mini-r56-one,review,0.57,0,
/Cobra-Verlagingsveren-Mini-R55-One-D,,cobra-suspension-verlagingsveren-mini-r55-one-d-3025mm,review,0.6,0,
/Cobra-Verlagingsveren-Mini-R55-Cooper-D,,cobra-suspension-verlagingsveren-mini-r55-cooper-d-3025mm,review,0.6,0,
/Cobra-Verlagingsveren-Mini-R55-Cooper-S,,cobra-suspension-verlagingsveren-mini-r55-cooper-s-3025mm,review,0.6,0,
/Cobra-Verlagingsveren-Mini-R55-Cooper-SD,,cobra-suspension-verlagingsveren-mini-r55-cooper-sd-3025mm,review,0.6,0,
/Cobra-Verlagingsveren-Mini-R58-Cooper,,cobra-suspension-verlagingsveren-mini-r56-cooper,review,0.57,0,
/Cobra-Verlagingsveren-Mini-R58-Cooper-S,,cobra-suspension-verlagingsveren-mini-r58-cooper-s-3525mm,review,0.6,0,
/Cobra-Verlagingsveren-Mini-R58-Cooper-SD,,cobra-suspension-verlagingsveren-mini-r58-cooper-sd-3525mm,review,0.6,0,
/Cobra-Verlagingsveren-Mini-R58-CooperS,,cobra-suspension-verlagingsveren-mini-r58-cooper-3025mm,review,0.4,0,
/Cobra-Verlagingsveren-Mini-R58-CooperSD,,cobra-suspension-verlagingsveren-mini-r58-cooper-3025mm,review,0.4,0,
/Cobra-Verlagingsveren-Mini-R59-Cooper,,cobra-suspension-verlagingsveren-mini-r56-cooper,review,0.57,0,
/Cobra-Verlagingsveren-Mini-R59-Cooper-S,,cobra-suspension-verlagingsveren-mini-r59-cooper-s-3525mm,review,0.6,0,
/Cobra-Verlagingsveren-Mini-R59-Cooper-SD,,cobra-suspension-verlagingsveren-mini-r59-cooper-sd-3525mm,review,0.6,0,
/Cobra-Verlagingsveren-Mini-R59-CooperS,,cobra-suspension-verlagingsveren-mini-r59-cooper-2525mm,review,0.4,0,
/Cobra-Verlagingsveren-Mini-R59-CooperSD,,cobra-suspension-verlagingsveren-mini-r59-cooper-2525mm,review,0.4,0,
/Cobra-Verlagingsveren-Mini-F56-Cooper,,cobra-suspension-verlagingsveren-mini-r56-cooper,review,0.57,0,
/Cobra-Verlagingsveren-Mini-F56-Cooper-D,,cobra-suspension-verlagingsveren-mini-f56-cooper-d-3525mm,review,0.6,0,
/Cobra-Verlagingsveren-Mini-F56-One,,cobra-suspension-verlagingsveren-mini-r56-one,review,0.57,0,
/Cobra-Verlagingsveren-Mini-F56-One-D,,cobra-suspension-verlagingsveren-mini-f56-one-d-3525mm,review,0.6,0,
/Cobra-Verlagingsveren-Mini-F56-JCW,,cobra-suspension-verlagingsveren-mini-f56-jcw-3525mm,review,0.56,0,
/Cobra-Verlagingsveren-Mini-F56-Cooper-SE-J01,,cobra-suspension-verlagingsveren-mini-f56-cooper-se-j01-3525mm,review,0.64,0,
/Cobra-Verlagingsveren-Mini-F55-Cooper,,cobra-suspension-verlagingsveren-mini-r56-cooper,review,0.57,0,
/Cobra-Verlagingsveren-Mini-F55-One,,cobra-suspension-verlagingsveren-mini-r56-one,review,0.57,0,
/Cobra-Verlagingsveren-Mini-F55-One-D,,cobra-suspension-verlagingsveren-mini-f55-one-d-3030mm,review,0.6,0,
/Cobra-Verlagingsveren-Mini-F55-Cooper-D,,cobra-suspension-verlagingsveren-mini-f55-cooper-d-3030mm,review,0.6,0,
/Cobra-Verlagingsveren-Mini-F55-Cooper-S,,cobra-suspension-verlagingsveren-mini-f55-cooper-s-3030mm,review,0.6,0,
/Cobra-Verlagingsveren-Mini-F55-Cooper-SD,,cobra-suspension-verlagingsveren-mini-f55-cooper-sd-3030mm,review,0.6,0,
/Cobra-Verlagingsveren-Mini-F54-One,,cobra-suspension-verlagingsveren-mini-r56-one,review,0.57,0,
/Cobra-Verlagingsveren-Mini-F54-One-D,,cobra-suspension-verlagingsveren-mini-f54-one-d-3030mm,review,0.6,0,
/Cobra-Verlagingsveren-Mini-F54-Cooper,,cobra-suspension-verlagingsveren-mini-r56-cooper,review,0.57,0,
/Cobra-Verlagingsveren-Mini-F54-Cooper-D,,cobra-suspension-verlagingsveren-mini-f54-cooper-d-3030mm,review,0.6,0,
/Cobra-Verlagingsveren-Mini-F54-Cooper-S,,cobra-suspension-verlagingsveren-mini-f54-cooper-s-4545mm,review,0.6,0,
/Cobra-Verlagingsveren-Mini-F54-Cooper-SD,,cobra-suspension-verlagingsveren-mini-f54-cooper-sd-3030mm,review,0.6,0,
/Cobra-Verlagingsveren-Mini-F54-Cooper-S-45/45-mm,,cobra-suspension-verlagingsveren-mini-f54-cooper-s-4545mm,review,0.64,0,
/Cobra-Verlagingsveren-Mini-F57-Cooper-S,,cobra-suspension-verlagingsveren-mini-f57-cooper-s-3020mm,review,0.6,0,
/Cobra-Verlagingsveren-Mini-F57-Cooper-SD,,cobra-suspension-verlagingsveren-mini-f57-cooper-sd-3020mm,review,0.6,0,
/Cobra-Verlagingsveren-Mini-F57-JCW,,cobra-suspension-verlagingsveren-mini-f57-jcw-3020mm,review,0.56,0,
/Cobra-Verlagingsveren-Mini-F57-One,,cobra-suspension-verlagingsveren-mini-r56-one,review,0.57,0,
/Cobra-Verlagingsveren-Mini-F57-Cooper,,cobra-suspension-verlagingsveren-mini-r56-cooper,review,0.57,0,
/Cobra-Verlagingsveren-Mini-F57-Cooper-D,,cobra-suspension-verlagingsveren-mini-f57-cooper-d-3020mm,review,0.6,0,
/Cobra-Verlagingsveren-Mini-F54-Cooper-S-ALL4,,cobra-suspension-verlagingsveren-mini-f54-cooper-s-all4-4040mm,review,0.64,0,
/Cobra-Verlagingsveren-Mini-F54-Cooper-S-ALL4-40/40,,cobra-suspension-verlagingsveren-mini-f54-cooper-s-all4-4040mm,review,0.73,0,
/Cobra-Verlagingsveren-Mini-F54-Cooper-SD-ALL4,,cobra-suspension-verlagingsveren-mini-f54-cooper-sd-all4-3525mm,review,0.64,0,
/Cobra-Verlagingsveren-Mini-F54-JCW-ALL4-40/35,,cobra-suspension-verlagingsveren-mini-f54-jcw-all4-4035mm,review,0.64,0,
/Cobra-Verlagingsveren-Mini-F60-One,,cobra-suspension-verlagingsveren-mini-r56-one,review,0.57,0,
/Cobra-Verlagingsveren-Mini-F60-Cooper,,cobra-suspension-verlagingsveren-mini-r56-cooper,review,0.57,0,
/Cobra-Verlagingsveren-Mini-F60-Cooper-D,,cobra-suspension-verlagingsveren-mini-f60-countryman-cooper-d-3030mm,review,0.55,0,
/Cobra-Verlagingsveren-Mini-F60-One-D,,cobra-suspension-verlagingsveren-mini-f60-countryman-one-d-3030mm,review,0.55,0,
/Cobra-Verlagingsveren-Mini-F60-Cooper-S-SD,,cobra-suspension-verlagingsveren-mini-f60-countryman-cooper-ssd-3030mm,review,0.54,0,
/Cobra-Verlagingsveren-Mini-F60-JCW-ALL4,,cobra-suspension-verlagingsveren-mini-f60-countryman-jcw-all4-2530mm,review,0.55,0,
"/Cobra-Verlagingsveren-F31/330i,335i,340i,325d,330d-30/25",,cobra-suspension-verlagingsveren-f31-330i335i340i-325d330d-3025mm,review,0.6,0,
"/Cobra-Verlagingsveren-F31/316i,318i,320i,328i,316D,318D,320D-30/25",,cobra-suspension-verlagingsveren-f31-316i318i320i328i-316d318d320d-3025mm,review,0.65,0,
/Cobra-Verlagingsveren-F30-330e-25/15,,cobra-suspension-verlagingsveren-f30-330e-2515mm,review,0.56,0,
/Cobra-Suspension-verlagingsveren-F40-116i-118i,,cobra-suspension-verlagingsveren-f40-116i-118i-3025mm,review,0.67,0,
/Cobra-Suspension-verlagingsveren-F40-116d,,cobra-suspension-verlagingsveren-f40-116d-3025mm,review,0.62,0,
/Cobra-Suspension-verlagingsveren-F40-120i-118d-120d,,cobra-suspension-verlagingsveren-f40-120i-118d-120d-4540mm,review,0.7,0,
/Cobra-Suspension-verlagingsveren-F40-120i-118d-120d-45/40,,cobra-suspension-verlagingsveren-f40-120i-118d-120d-4540mm,review,0.73,0,
/Cobra-Suspension-verlagingsveren-F40-M135i-xDrive-35/30,,cobra-suspension-verlagingsveren-f40-m135i-xdrive-3530mm,review,0.7,0,
/Cobra-Verlagingsveren-F22-M240i-xDrive,,cobra-suspension-verlagingsveren-f22-m240i-xdrive-2525mm,review,0.56,0,
"/Cobra-Verlagingsveren-F23-218i,220i",,cobra-suspension-verlagingsveren-f23-218i-220i-4040mm,review,0.56,0,
"/Cobra-Verlagingsveren-F23-218d,220d,22d,228i,230i",,cobra-suspension-verlagingsveren-f23-228i-230i-218d-220d-225d-4040mm,review,0.54,0,
"/Cobra-Verlagingsveren-F23-M235i,M240i",,cobra-suspension-verlagingsveren-f23-m235i-m240i-1515mm,review,0.56,0,
"/Cobra-Verlagingsveren-F44-218i,216d",,cobra-suspension-verlagingsveren-f44-218i-216d-4545mm,review,0.56,0,
"/Cobra-Verlagingsveren-F44-220i,218d,220d",,cobra-suspension-verlagingsveren-f44-220i-218d-220d-4545mm,review,0.6,0,
"/Cobra-Verlagingsveren-F44-218i,216d-45/45",,cobra-suspension-verlagingsveren-f44-218i-216d-4545mm,review,0.67,0,
"/Cobra-Verlagingsveren-F30-320i,328i,330i,318d,320d-xDrive",,cobra-suspension-verlagingsveren-f30-320i-328i-330i-318d-320d-xdrive-3025mm,review,0.69,0,
"/Cobra-Verlagingsveren-F32-420i,428i,430i,420d-xDrive",,cobra-suspension-verlagingsveren-f32-420i428i430i-420d-xdrive-3025mm,review,0.62,0,
"/Cobra-Verlagingsveren-F32-435i,440i,430d-xDrive",,cobra-suspension-verlagingsveren-f32-435i440i-430d-xdrive-3025mm,review,0.58,0,
"/Cobra-Verlagingsveren-F33-420i,428i,430i,420d",,cobra-suspension-verlagingsveren-f33-420i428i430i-420d-3530mm,review,0.58,0,
"/Cobra-Verlagingsveren-F33-435i,440i,430d",,cobra-suspension-verlagingsveren-f33-435i440i-430d-3530mm,review,0.55,0,
"/Cobra-Verlagingsveren-F36-435i,440i,430d,435d-xDrive",,cobra-suspension-verlagingsveren-f36-435i440i-430d435d-xdrive-4035mm,review,0.57,0,
"/Cobra-Verlagingsveren-F36/420i,428i,430i-xDrive",,cobra-suspension-verlagingsveren-f36-420i428i430i-xdrive-4035mm,review,0.58,0,
/Cobra-Verlagingsveren-F36-420d-xDrive,,cobra-suspension-verlagingsveren-f36-420d-xdrive-4035mm,review,0.56,0,
/Cobra-Verlagingsveren-F10-550i-xDrive,,cobra-suspension-verlagingsveren-f10-550i-xdrive-3530mm,review,0.56,0,
/Cobra-Verlagingsveren-F10-M550d-xDrive,,cobra-suspension-verlagingsveren-f10-m550d-xdrive-2525mm,review,0.56,0,
"/Cobra-Verlagingsveren-F10-535i,530d,535d-xDrive",,cobra-suspension-verlagingsveren-f10-535i-530d535d-xdrive-3030mm,review,0.58,0,
/Cobra-Verlagingsveren-F10-M5,,cobra-suspension-verlagingsveren-f10-m5-3020mm,review,0.5,0,
"/Cobra-Verlagingsveren-G20-318i,320i,330i,316d,318d,320d",,cobra-suspension-verlagingsveren-g20-318i320i330i-316d318d320d-4040mm,review,0.6,0,
"/Cobra-Verlagingsveren-G20-318i,320i,330i,316d,318d,320d-40/40",,cobra-suspension-verlagingsveren-g20-318i320i330i-316d318d320d-4040mm,review,0.67,0,
"/Cobra-Verlagingsveren-G20-320e,330e-45/40",,cobra-suspension-verlagingsveren-g20-320e-330e-4540mm,review,0.6,0,
/Cobra-Verlagingsveren-G20-M340i-xDrive,,cobra-suspension-verlagingsveren-g20-m340i-xdrive-2520mm,review,0.56,0,
/Cobra-Verlagingsveren-G20-330d-xDrive,,cobra-suspension-verlagingsveren-g20-330d-xdrive-4040mm,review,0.56,0,
"/Cobra-Verlagingsveren-G20-320e,330e-xDrive",,cobra-suspension-verlagingsveren-g20-320e-330e-xdrive-4540mm,review,0.6,0,
"/Cobra-Verlagingsveren-G20-320e,330e-xDrive-45/40",,cobra-suspension-verlagingsveren-g20-320e-330e-xdrive-4540mm,review,0.64,0,
"/Cobra-Verlagingsveren-G21-318i,320i,330i,316d,318d,320d",,cobra-suspension-verlagingsveren-g21-318i320i330i-316d318d320d-4035mm,review,0.6,0,
"/Cobra-Verlagingsveren-G21-318i,320i,330i,316d,318d,320d-40/35",,cobra-suspension-verlagingsveren-g21-318i320i330i-316d318d320d-4035mm,review,0.62,0,
/Cobra-Verlagingsveren-G21-330d-xDrive,,cobra-suspension-verlagingsveren-g21-330d-xdrive-4540mm,review,0.56,0,
"/Cobra-Verlagingsveren-G21-320e,330e-40/35",,cobra-suspension-verlagingsveren-g21-320e-330e-4035mm,review,0.6,0,
"/Cobra-Verlagingsveren-G21-320e,330e-xDrive-40/35",,cobra-suspension-verlagingsveren-g21-320e-330e-xdrive-4035mm,review,0.64,0,
/Cobra-Suspension-verlagingsveren-F40-128ti,,cobra-suspension-verlagingsveren-f40-128ti-3535mm,review,0.62,0,
"/Cobra-Verlagingsveren-G42-218i,220i,230i",,cobra-suspension-verlagingsveren-g42-218i-220i-230i-4030mm,review,0.6,0,
/Cobra-Verlagingsveren-G42-220d,,cobra-suspension-verlagingsveren-g42-220d-3530mm,review,0.5,0,
/Cobra-Verlagingsveren-G42-M240i-,,cobra-suspension-verlagingsveren-g42-m240i-3025mm,review,0.5,0,
/Cobra-Verlagingsveren-G42-M240i-xDrive,,cobra-suspension-verlagingsveren-g42-m240i-xdrive-3025mm,review,0.56,0,
/Cobra-Verlagingsveren-G80-M3,,cobra-suspension-verlagingsveren-g80-m3-3515mm,review,0.5,0,
/Cobra-Verlagingsveren-G80-M3-xDrive,,cobra-suspension-verlagingsveren-g80-m3-xdrive-3515mm,review,0.56,0,
/Cobra-Verlagingsveren-G81-M3-Competition-xDrive,,cobra-suspension-verlagingsveren-g81-m3-competition-xdrive-355mm,review,0.6,0,
"/Cobra-Verlagingsveren-G22-420i,430i,420d",,cobra-suspension-verlagingsveren-g22-420i430i-420d-4040mm,review,0.55,0,
"/Cobra-Verlagingsveren-G22-420i,430i,420d-40/40",,cobra-suspension-verlagingsveren-g22-420i430i-420d-4040mm,review,0.64,0,
/Cobra-Verlagingsveren-G22-M440i-xDrive,,cobra-suspension-verlagingsveren-g22-m440i-xdrive-3030mm,review,0.56,0,
/Cobra-Verlagingsveren-G22-430d-xDrive,,cobra-suspension-verlagingsveren-g22-430d-xdrive-3030mm,review,0.56,0,
"/Cobra-Verlagingsveren-G23-420i,430i",,cobra-suspension-verlagingsveren-g23-420i430i-4035mm,review,0.5,0,
"/Cobra-Verlagingsveren-G23-420i,430i-40/35",,cobra-suspension-verlagingsveren-g23-420i430i-4035mm,review,0.55,0,
/Cobra-Verlagingsveren-G23-420d,,cobra-suspension-verlagingsveren-g23-420d-3530mm,review,0.5,0,
/Cobra-Verlagingsveren-G23-M440i-xDrive,,cobra-suspension-verlagingsveren-g23-m440i-xdrive-3025mm,review,0.56,0,
/Cobra-Verlagingsveren-G82-M4,,cobra-suspension-verlagingsveren-g82-m4-2520mm,review,0.5,0,
/Cobra-Verlagingsveren-G82-M4-25/20,,cobra-suspension-verlagingsveren-g82-m4-2520mm,review,0.56,0,
/Cobra-Verlagingsveren-G83-M4,,cobra-suspension-verlagingsveren-g83-m4-competition-xdrive-2525mm,review,0.4,0,
/Cobra-Verlagingsveren-G26-M440i-xDrive,,cobra-suspension-verlagingsveren-g26-m440i-xdrive-4040mm,review,0.56,0,
/Cobra-Verlagingsveren-G26-M440i-xDrive-40/40,,cobra-suspension-verlagingsveren-g26-m440i-xdrive-4040mm,review,0.67,0,
/Cobra-Verlagingsveren-G26-M440i,,cobra-suspension-verlagingsveren-g26-m440i-3535mm,review,0.5,0,
/Cobra-Verlagingsveren-G26-M440i-35/35,,cobra-suspension-verlagingsveren-g26-m440i-3535mm,review,0.62,0,
"/Cobra-Verlagingsveren-G26-420i,430i,420d",,cobra-suspension-verlagingsveren-g26-420i430i-420d-3530mm,review,0.55,0,
"/Cobra-Verlagingsveren-G26-420i,430i,420d-35/30",,cobra-suspension-verlagingsveren-g26-420i430i-420d-3530mm,review,0.58,0,
/Cobra-Verlagingsveren-G26-430i-xDrive,,cobra-suspension-verlagingsveren-g26-430i-xdrive-3535mm,review,0.56,0,
/Cobra-Verlagingsveren-G26-430i-xDrive-35/35,,cobra-suspension-verlagingsveren-g26-430i-xdrive-3535mm,review,0.67,0,
"/Cobra-Verlagingsveren-G26-420d,430d-xDrive",,cobra-suspension-verlagingsveren-g26-420d430d-xdrive-4040mm,review,0.55,0,
"/Cobra-Verlagingsveren-G26-420d,430d-xDrive-40/40",,cobra-suspension-verlagingsveren-g26-420d430d-xdrive-4040mm,review,0.64,0,
"/Cobra-Suspension-In-hoogte-verstelbare-verlagingsveren-G42-218i,220i,230i-​​​​​​,220d",,cobra-suspension-in-hoogte-verstelbare-verlagingsveren-g42-218i220i230i-220d-0-35-0-40-mm,review,0.69,0,
/Cobra-Suspension-In-hoogte-verstelbare-verlagingsveren-G42-M240i,,cobra-suspension-in-hoogte-verstelbare-verlagingsveren-g42-m240i-0-40-0-40-mm,review,0.73,0,
/Cobra-Suspension-In-hoogte-verstelbare-verlagingsveren-F80-M3,,cobra-suspension-in-hoogte-verstelbare-verlagingsveren-f80-m3-20-45-0-30-mm,review,0.62,0,
/Cobra-Suspension-In-hoogte-verstelbare-verlagingsveren-G20-xDrive,,cobra-suspension-in-hoogte-verstelbare-verlagingsveren-g20-320e330e-xdrive-0-40-0-40-mm,review,0.57,0,
"/Cobra-Suspension-In-hoogte-verstelbare-verlagingsveren-G20-320e,330e",,cobra-suspension-in-hoogte-verstelbare-verlagingsveren-g20-320e330e-0-40-0-40-mm,review,0.69,0,
"/Cobra-Suspension-In-hoogte-verstelbare-verlagingsveren-G20-320e,330e-xDrive",,cobra-suspension-in-hoogte-verstelbare-verlagingsveren-g20-320e330e-xdrive-0-40-0-40-mm,review,0.71,0,
/Cobra-Suspension-In-hoogte-verstelbare-verlagingsveren-G21,,cobra-suspension-in-hoogte-verstelbare-verlagingsveren-g26-0-40-0-40-mm,review,0.55,0,
"/Cobra-Suspension-In-hoogte-verstelbare-verlagingsveren-G21-M340i,330d",,cobra-suspension-in-hoogte-verstelbare-verlagingsveren-g21-m340i-330d-xdrive-0-40-0-40-mm,review,0.69,0,
"/Cobra-Suspension-In-hoogte-verstelbare-verlagingsveren-G21-320e,330e",,cobra-suspension-in-hoogte-verstelbare-verlagingsveren-g21-320e330e-0-40-0-40-mm,review,0.69,0,
"/Cobra-Suspension-In-hoogte-verstelbare-verlagingsveren-G21-320e,330e-xDrive",,cobra-suspension-in-hoogte-verstelbare-verlagingsveren-g21-320e330e-xdrive-0-40-0-40-mm,review,0.71,0,
/Cobra-Suspension-In-hoogte-verstelbare-verlagingsveren-G81-M3-Competition-xDrive,,cobra-suspension-in-hoogte-verstelbare-verlagingsveren-g81-m3-competition-xdrive-20-45-0-30-mm,review,0.67,0,
/Cobra-Suspension-In-hoogte-verstelbare-verlagingsveren-F82-M4,,cobra-suspension-in-hoogte-verstelbare-verlagingsveren-f82-m4-20-45-0-30-mm,review,0.62,0,
"/Cobra-Suspension-In-hoogte-verstelbare-verlagingsveren-G22-420i,430i,420d",,cobra-suspension-in-hoogte-verstelbare-verlagingsveren-g22-420i430i-420d-0-40-0-40-mm,review,0.71,0,
"/Cobra-Suspension-In-hoogte-verstelbare-verlagingsveren-G23-420i,430i,420d",,cobra-suspension-in-hoogte-verstelbare-verlagingsveren-g23-420i430i-420d-0-40-0-40-mm,review,0.71,0,
/Cobra-Suspension-In-hoogte-verstelbare-verlagingsveren-G82-M4,,cobra-suspension-in-hoogte-verstelbare-verlagingsveren-g82-m4-20-45-0-30-mm,review,0.62,0,
/Cobra-Suspension-In-hoogte-verstelbare-verlagingsveren-G83-M4,,cobra-suspension-in-hoogte-verstelbare-verlagingsveren-g83-m4-20-45-0-30-mm,review,0.62,0,
"/Cobra-Verlagingsveren-G30-530i,520d-xDrive",,cobra-suspension-verlagingsveren-g30-530i-520d-xdrive-3520mm,review,0.6,0,
"/Cobra-Verlagingsveren-G30-540i,530d-xDrive",,cobra-suspension-verlagingsveren-g30-540i-530d-xdrive-3520mm,review,0.6,0,
/Cobra-Verlagingsveren-G30-540d-xDrive,,cobra-suspension-verlagingsveren-g30-540d-xdrive-3520mm,review,0.56,0,
"/Cobra-Verlagingsveren-G30-520e,530e",,cobra-suspension-verlagingsveren-g30-520e530e-3520mm,review,0.5,0,
"/Cobra-Verlagingsveren-G30-520i,530i-Mild-Hybrid",,cobra-suspension-verlagingsveren-g30-520i530i-mild-hybrid-4545mm,review,0.58,0,
"/Cobra-Verlagingsveren-G30-520i,530i-Mild-Hybrid-45/45",,cobra-suspension-verlagingsveren-g30-520i530i-mild-hybrid-4545mm,review,0.67,0,
"/Cobra-Verlagingsveren-G30-540i,518d,520d-Mild-Hybrid",,cobra-suspension-verlagingsveren-g30-540i-518d520d-mild-hybrid-4545mm,review,0.62,0,
"/Cobra-Verlagingsveren-G30-540i,518d,520d-Mild-Hybrid-45/45",,cobra-suspension-verlagingsveren-g30-540i-518d520d-mild-hybrid-4545mm,review,0.69,0,
"/Cobra-Verlagingsveren-G60-520i,520d",,cobra-suspension-verlagingsveren-g60-520i-520d-3530mm,review,0.56,0,
"/Cobra-Verlagingsveren-G60-520i,520d-35/30",,cobra-suspension-verlagingsveren-g60-520i-520d-3530mm,review,0.6,0,
/Cobra-Suspension-verlagingsveren-G60-530e,,cobra-suspension-verlagingsveren-g60-530e-incl-verstelbare-verlagingsstangen-300-30mm,review,0.42,0,
/Cobra-Suspension-verlagingsveren-G60-530e-30mm,,cobra-suspension-verlagingsveren-g60-530e-incl-verstelbare-verlagingsstangen-300-30mm,review,0.5,0,
/Cobra-Suspension-verlagingsveren-G60-550e-xDrive,,cobra-suspension-verlagingsveren-g60-550e-xdrive-incl-verstelbare-verlagingsstangen-30mm,review,0.6,0,
/Cobra-Suspension-verlagingsveren-G60-550e-xDrive-30mm,,cobra-suspension-verlagingsveren-g60-550e-xdrive-incl-verstelbare-verlagingsstangen-30mm,review,0.7,0,
/Cobra-Suspension-verlagingsveren-G60-i5-M60-xDrive,,cobra-suspension-verlagingsveren-g60-i5-m60-xdrive-incl-verstelbare-verlagingsstangen-200-20mm,review,0.5,0,
/Cobra-Verlagingsveren-F90-M5,,cobra-suspension-verlagingsveren-f90-m5-3020mm,review,0.5,0,
/Cobra-Verlagingsveren-F90-M5-Competition,,cobra-suspension-verlagingsveren-f90-m5-competition-2010mm,review,0.56,0,
"/Cobra-Verlagingsveren-F06-640i,640d",,cobra-suspension-verlagingsveren-f06-640i-640d-3025mm,review,0.56,0,
"/Cobra-Verlagingsveren-F06-640i,640d-xDrive",,cobra-suspension-verlagingsveren-f06-640i-640d-xdrive-3025mm,review,0.6,0,
/Cobra-Verlagingsveren-F06-650i,,cobra-suspension-verlagingsveren-f06-650i-3025mm,review,0.5,0,
/Cobra-Verlagingsveren-F12-650i,,cobra-suspension-verlagingsveren-f12-650i-3025mm,review,0.5,0,
"/Cobra-Verlagingsveren-F12-640i,640d",,cobra-suspension-verlagingsveren-f12-640i-640d-3025mm,review,0.56,0,
"/Cobra-Verlagingsveren-F12-640i,640d-xDrive",,cobra-suspension-verlagingsveren-f12-640i-640d-xdrive-3025mm,review,0.6,0,
/Cobra-Verlagingsveren-F13-650i,,cobra-suspension-verlagingsveren-f13-650i-3025mm,review,0.5,0,
"/Cobra-Verlagingsveren-F13-640i,640d",,cobra-suspension-verlagingsveren-f13-640i-640d-3025mm,review,0.56,0,
"/Cobra-Verlagingsveren-F13-640i,640d-xDrive",,cobra-suspension-verlagingsveren-f13-640i-640d-xdrive-3025mm,review,0.6,0,
/Cobra-Verlagingsveren-F93-M8-Gran-Coupe,,cobra-suspension-verlagingsveren-f93-m8-gran-coupe-2520mm,review,0.6,0,
"/Cobra-Verlagingsveren-F01-730i,740i,730d,740d",,cobra-suspension-verlagingsveren-f01-730i740i-730d740d-3535mm,review,0.54,0,
/Cobra-Verlagingsveren-F01-750i,,cobra-suspension-verlagingsveren-f01-750i-3535mm,review,0.5,0,
"/Cobra-Verlagingsveren-F01-730i,740i-730d,740d",,cobra-suspension-verlagingsveren-f01-730i740i-730d740d-3535mm,review,0.54,0,
"/Cobra-Verlagingsveren-F01-740i,730d,740d-Drive",,cobra-suspension-verlagingsveren-f01-730i740i-730d740d-3535mm,review,0.43,0,
/Cobra-Verlagingsveren-F01-750i-airsuspension,,cobra-suspension-verlagingsveren-f01-750i-3535mm,review,0.44,0,
"/Cobra-Verlagingsveren-F48-18i,20i,16d-",,cobra-suspension-verlagingsveren-x1-f48-18i20i-16d-3530mm,review,0.5,0,
/Cobra-Verlagingsveren-F48-18d,,cobra-suspension-verlagingsveren-x1-f48-18d-3530mm,review,0.44,0,
/Cobra-Verlagingsveren-F48-20d,,cobra-suspension-verlagingsveren-x1-f48-20d-3530mm,review,0.44,0,
"/Cobra-Verlagingsveren-U11-23i,20d,23d-xDrive",,cobra-suspension-verlagingsveren-x1-u11-23i-20d23d-xdrive-3030mm,review,0.54,0,
/Cobra-Verlagingsveren-X2-F39-M35i,,cobra-suspension-verlagingsveren-x2-f39-m35i-2535mm,review,0.56,0,
"/Cobra-Verlagingsveren-X3-F25-28i,35i,30d,35d",,cobra-suspension-verlagingsveren-x3-f25-28i35i-30d35d-3535mm,review,0.57,0,
/Cobra-Suspension-verlagingsveren-X5M-F85,,cobra-suspension-verlagingsveren-mini-r56-one,none,0.38,0,
/Cobra-Verlagingsveren-X5-M-F95,,cobra-suspension-verlagingsveren-x5-m-f95-3030mm,review,0.56,0,
"/Cobra-Verlagingsveren-X5-G05-M50i,M50d",,cobra-suspension-verlagingsveren-x5-g05-m50i-m50d-4040mm,review,0.6,0,
"/Cobra-Suspension-verlagingsveren-X5-F15-35i,25d,30d,40d",,cobra-suspension-verlagingsveren-x5-f15-35i-25d30d40d-xdrive-3535mm,review,0.64,0,
"/Cobra-Verlagingsveren-F23-218i,220i-40/40",,cobra-suspension-verlagingsveren-f23-218i-220i-4040mm,review,0.67,0,
"/Cobra-Verlagingsveren-F23-218d,220d,22d,228i,230i-40/40",,cobra-suspension-verlagingsveren-f23-228i-230i-218d-220d-225d-4040mm,review,0.62,0,
"/Cobra-Verlagingsveren-F23-M235i,M240i-15/15",,cobra-suspension-verlagingsveren-f23-m235i-m240i-1515mm,review,0.67,0,
"/Cobra-Verlagingsveren-X6-G06-30d,40d",,cobra-suspension-verlagingsveren-x6-g06-30d40d-xdrive-4040mm,review,0.5,0,
"/Cobra-Verlagingsveren-X6-G06-M50i,M50d",,cobra-suspension-verlagingsveren-x6-g06-m50i-m50d-xdrive-3535mm,review,0.55,0,
/Cobra-Verlagingsveren-X6-M-F96,,cobra-suspension-verlagingsveren-x6-m-f96-3030mm,review,0.56,0,
/Cobra-Verlagingsveren-X6M-F86,,cobra-verlagingsveren-e12,review,0.4,0,
/Cobra-Suspension-verlagingsveren-X6-M-F86,,cobra-suspension-verlagingsveren-x6-m-f86-met-luchtvering-achter-40mm,review,0.6,0,
"/Cobra-Verlagingsveren-Z4-G29-20i,30i",,cobra-suspension-verlagingsveren-z4-g29-20i30i-3030mm,review,0.55,0,
"/Cobra-Verlagingsveren-F45-216i,218i",,cobra-suspension-verlagingsveren-f45-216i218i-3030mm,review,0.5,0,
"/Cobra-Verlagingsveren-F45-220i,225i,214d,216d,218d,220d",,cobra-suspension-verlagingsveren-f45-220i225i-214d216d218d220d-3030mm,review,0.6,0,
/Cobra-Verlagingsveren-iX1-U11-30i-xDrive,,cobra-suspension-verlagingsveren-ix1-u11-30i-xdrive-3030mm,review,0.6,0,
/Cobra-Verlagingsveren-X1-U11-25e-30e,,cobra-suspension-verlagingsveren-x1-u11-25e-30e-xdrive-3535mm,review,0.55,0,
/Cobra-Verlagingsveren-X3-M-F97,,cobra-verlagingsveren-e12,none,0.33,0,
/Cobra-Verlagingsveren-X4-M-F98,,cobra-verlagingsveren-e12,none,0.33,0,
/Cobra-Suspension-In-hoogte-verstelbare-verlagingsveren-G87-M2,,cobra-suspension-in-hoogte-verstelbare-verlagingsveren-g87-m2-20-45-0-40-mm,review,0.62,0,
/Cobra-Verlagingsveren-F91-M8-Cabrio,,cobra-suspension-verlagingsveren-f91-m8-cabrio-2525mm,review,0.56,0,
/Cobra-Suspension-In-hoogte-verstelbare-verlagingsveren-X5-G05,,cobra-suspension-in-hoogte-verstelbare-verlagingsveren-x5-g05-20-45-10-30-mm,review,0.62,0,
/Cobra-Suspension-In-hoogte-verstelbare-verlagingsveren-X6-G06,,cobra-suspension-in-hoogte-verstelbare-verlagingsveren-x6-g06-20-45-10-30-mm,review,0.62,0,
/Cobra-Suspension-In-hoogte-verstelbare-verlagingsveren-F90-M5,,cobra-suspension-in-hoogte-verstelbare-verlagingsveren-f90-m5-5-25-5-25-mm,review,0.73,0,
/BMW-embleem-50-jaar-m-74mm-M3-M4,,bmw-embleem-50-jaar-bmw-m-o-74mm,review,0.67,0,
/Grille-hoogglans-zwart-F30/F30LCI-F31/F31LCI-,,grille-hoogglans-zwart-f30-f31,review,0.71,0,
/Grille-mat-zwart-G30-G31,,grille-mat-zwart-5-serie-g30-g31,review,0.71,0,
/bmw-natural-air-navulset-harmonizing-flowers,,bmw-natural-air-navulset-forest-air,review,0.57,0,
/Eventuri-Carbon-Intake-cover-M3-E9x,,eventuri-carbon-airbox-cover-e9x-m3,review,0.71,0,
/Eventuri-Carbon-Engine-CoverM3-F80-M4-F82-F83,,eventuri-carbon-engine-cover-f80-m3-f82f83-m4,review,0.64,0,
/Eventuri-Carbon-luchtverdeelhuis-afdekkap-S62-V8-E39-Z8,,eventuri-carbon-lucht-verdeelhuis-afdekkap-s62-v8-e39-z8,review,0.7,0,
/Eventuri-Carbon-luchtverdeelhuis-S85-V10-E60-E61-E63-E64,,eventuri-carbon-lucht-verdeelhuis-s85-v10-e60-e61-e63-e64,review,0.73,0,
/Zilver-Geanodiseerde-Spoorverbreder-10mm-XM,,10mm-zilver-geanodiseerde-spoorverbreders-xm,review,0.67,0,
/Zilver-Geanodiseerde-Spoorverbreder-15mm-XM,,15mm-zilver-geanodiseerde-spoorverbreders-xm,review,0.67,0,
/Dynamische-smoke-OLED-achterlichten-G2x-G8x,,dynamische-smoke-oled-achterlichten-bmw-4-serie-g2x-g8x,review,0.67,0,
/Supersprint-BMW-F40-M135i,,supersprint-o-o-100-bmw-f40-m135i,review,0.67,0,
/Supersprint-OO80-BMW-F22-M240i,,supersprint-oo-80-bmw-f22-m240i,review,0.57,0,
/Supersprint-OO100-BMW-F22-M240i,,supersprint-oo-80-bmw-f22-m240i,review,0.57,0,
/Supersprint-OO100-BMW-F23-M240i,,supersprint-oo-80-bmw-f23-m240i,review,0.57,0,
/Supersprint-OO80-BMW-F23-M240i,,supersprint-oo-80-bmw-f23-m240i,review,0.57,0,
/Supersprint-BMW-F44-M235i,,supersprint-oo-90-bmw-f44-m235i,review,0.67,0,
/Eisenmann-2x90mm-BMW-F22-LCI-230i,,eisenmann-2x90mm-bmw-f22-lci-m240i,review,0.71,0,
/Cobra-Suspension-verlagingsveren-F70-120d,,cobra-suspension-verlagingsveren-f70-120d-3025mm,review,0.62,0,
/Cobra-Verlagingsveren-G87-M2,,cobra-suspension-verlagingsveren-g87-m2-3530mm,review,0.5,0,
/Cobra-Verlagingsveren-M3-F80,,cobra-suspension-verlagingsveren-f80-m3-3010mm,review,0.5,0,
/Cobra-Verlagingsveren-G20-330e-xDrive,,cobra-suspension-verlagingsveren-g20-320e-330e-xdrive-4540mm,review,0.5,0,
/Cobra-Verlagingsveren-G21-M340i-xDrive-30/20,,cobra-suspension-verlagingsveren-g21-m340i-xdrive-3020mm,review,0.6,0,
/Cobra-Verlagingsveren-G81-M3-Competition-xDrive-35/5,,cobra-suspension-verlagingsveren-g81-m3-competition-xdrive-355mm,review,0.64,0,
/Cobra-Verlagingsveren-X1-U11-25e-30e-35/35,,cobra-suspension-verlagingsveren-x1-u11-25e-30e-xdrive-3535mm,review,0.64,0,
"/Cobra-Verlagingsveren-X3-G01-20i,30i,20d,25d",,cobra-suspension-verlagingsveren-x3-g01-25i-30i-20d-25d-3530mm,review,0.54,0,
/Cobra-Verlagingsveren-X4M,,cobra-verlagingsveren-e12,review,0.5,0,
"/Cobra-Verlagingsveren-X4-G02-20i,30i,20d,25d",,cobra-suspension-verlagingsveren-x4-g02-20i-30i-20d-25d-3530mm,review,0.67,0,
"/Cobra-Verlagingsveren-X4-G02-M40i,30d",,cobra-suspension-verlagingsveren-x4-g02-m40i-30d-3530mm,review,0.6,0,
/Cobra-Verlagingsveren-MINI-J01-30/20,,cobra-suspension-verlagingsveren-mini-cooper-electric-j01-se-3020mm,review,0.42,0,
/Cobra-Verlagingsveren-MINI-J66-Cooper-C,,cobra-suspension-verlagingsveren-mini-r56-cooper,review,0.5,0,
/Cobra-Verlagingsveren-MINI-J66-Cooper-S,,cobra-suspension-verlagingsveren-mini-r56-cooper,review,0.5,0,
/Cobra-Verlagingsveren-MINI-U25-Countryman-JCW-ALL4,,cobra-suspension-verlagingsveren-mini-u25-countryman-jcw-all4-2015mm,review,0.64,0,
/Cobra-Verlagingsveren-MINI-U25-Countryman-JCW-ALL4-20/15,,cobra-suspension-verlagingsveren-mini-u25-countryman-jcw-all4-2015mm,review,0.67,0,
/Cobra-Verlagingsveren-MINI-U25-Countryman-Cooper-E,,cobra-suspension-verlagingsveren-mini-u25-countryman-cooper-e-2020mm,review,0.64,0,
/Cobra-Verlagingsveren-MINI-U25-Countryman-Cooper-E-20/20,,cobra-suspension-verlagingsveren-mini-u25-countryman-cooper-e-2020mm,review,0.73,0,
/Cobra-Verlagingsveren-MINI-U25-Countryman-Cooper-C,,cobra-suspension-verlagingsveren-mini-u25-countryman-cooper-c-3025mm,review,0.64,0,
/Cobra-Verlagingsveren-G90-M5,,cobra-verlagingsveren-e39-sedan-m5,review,0.5,0,
/Cobra-Suspension-verlagingsveren-G60-i5-eDrive40,,cobra-suspension-verlagingsveren-g60-i5-edrive40-incl-verstelbare-verlagingsstangen-300-30mm,review,0.46,0,
/Cobra-Suspension-verlagingsveren-G60-i5-eDrive40-30mm,,cobra-suspension-verlagingsveren-g60-i5-edrive40-incl-verstelbare-verlagingsstangen-300-30mm,review,0.54,0,
/Cobra-Suspension-verlagingsveren-G61-i5M60-xDrive,,cobra-suspension-verlagingsveren-g90-m5-xdrive-2520mm,none,0.36,0,
/Cobra-Suspension-verlagingsveren-G61-i5M60-xDrive-30mm,,cobra-suspension-verlagingsveren-g26-m440i-xdrive-3030mm,review,0.45,0,
/Cobra-Suspension-verlagingsveren-G61-i5-eDrive40,,cobra-suspension-verlagingsveren-g61-i5-edrive40-incl-verstelbare-verlagingsstangen-300-30mm,review,0.46,0,
/Cobra-Suspension-verlagingsveren-G61-i5-eDrive40-30mm,,cobra-suspension-verlagingsveren-g61-i5-edrive40-incl-verstelbare-verlagingsstangen-300-30mm,review,0.54,0,
"/Cobra-Verlagingsveren-G30-520i,530i,518d,520d-45mm",,cobra-suspension-verlagingsveren-g30-520i530i-518d520d-4545mm,review,0.62,0,
"/Cobra-Verlagingsveren-G30-540i,525d,530d-45mm",,cobra-suspension-verlagingsveren-g30-540i-525d530d-4545mm,review,0.64,0,
/Cobra-Suspension-verlagingsveren-G31-520i-530i-MH,,cobra-suspension-verlagingsveren-g31-520i-530i-518d-520d-met-luchtvering-achter-30mm,review,0.46,0,
/Cobra-Suspension-verlagingsveren-G31-540i-518d-MH,,cobra-suspension-verlagingsveren-g31-540i-525d-530d-met-luchtvering-achter-30mm,none,0.38,0,
/Cobra-Suspension-verlagingsveren-G60-530e-xDrive,,cobra-suspension-verlagingsveren-g60-530e-xdrive-incl-verstelbare-verlagingsstangen-350-35mm,review,0.46,0,
/Cobra-Suspension-verlagingsveren-G61-530e-30mm,,cobra-suspension-verlagingsveren-g61-530e-incl-verstelbare-verlagingsstangen-300-30mm,review,0.5,0,
/Cobra-Suspension-verlagingsveren-G61-530e-xDrive,,cobra-suspension-verlagingsveren-g61-530e-xdrive-incl-verstelbare-verlagingsstangen-350-35mm,review,0.46,0,
/Cobra-Suspension-verlagingsveren-G61-530e-xDrive-35mm,,cobra-suspension-verlagingsveren-g61-530e-xdrive-incl-verstelbare-verlagingsstangen-350-35mm,review,0.54,0,
/Cobra-Suspension-verlagingsveren-G61-550e-xDrive-35mm,,cobra-suspension-verlagingsveren-g61-550e-xdrive-incl-verstelbare-verlagingsstangen-350-35mm,review,0.54,0,
/Cobra-Verlagingsveren-F32-418i-40mm,,cobra-suspension-verlagingsveren-f32-418i-4040mm,review,0.62,0,
/Cobra-Verlagingsveren-F36-418i-20mm,,cobra-suspension-verlagingsveren-f36-418i-2020mm,review,0.62,0,
/Cobra-Verlagingsveren-F36-418i-40mm,,cobra-suspension-verlagingsveren-f36-418i-4040mm,review,0.62,0,
"/Cobra-Verlagingsveren-F36-420i,428i,430i,420d,425d-20mm",,cobra-suspension-verlagingsveren-f36-420i428i430i-420d425d-2020mm,review,0.64,0,
"/Cobra-Verlagingsveren-F36-435i,440i,430d-40mm",,cobra-suspension-verlagingsveren-f36-435i440i-430d-4040mm,review,0.64,0,
"/Cobra-Verlagingsveren-F11-535i,530d,535d-xDrive",,cobra-suspension-verlagingsveren-f11-535i-530d-535d-xdrive-met-luchtvering-achter-30mm,review,0.58,0,
"/Cobra-Suspension-verlagingsveren-F11-535i,530d,535d-xDrive-35mm",,cobra-suspension-verlagingsveren-f11-535i-530d-535d-xdrive-met-luchtvering-achter-30mm,review,0.62,0,
"/Cobra-Suspension-verlagingsveren-F11-520i,523i,528i,530i,518d,520d",,cobra-suspension-verlagingsveren-f11-520i523i528i530i-528d520d-30mm,review,0.64,0,
"/Cobra-Suspension-verlagingsveren-F11-520i,523i,528i,530i,518d,520d-40mm",,cobra-suspension-verlagingsveren-f11-520i-523i-528i-530i-518d-520d-incl-verstelbare-verlagingsstangen-400-40mm,review,0.65,0,
"/Cobra-Suspension-verlagingsveren-F11-535i,525d,530d,535d-40mm",,cobra-suspension-verlagingsveren-f11-535i-525d-530d-535d-incl-verstelbare-verlagingsstangen-400-40mm,review,0.6,0,
